,少年犯年齡,性別,年,統計值
0,少年犯年齡合計,性別合計,101,1217
1,少年犯年齡合計,男性,101,1063
2,少年犯年齡合計,女性,101,154
3,12歲未滿,性別合計,101,0
4,12歲未滿,男性,101,0
5,12歲未滿,女性,101,0
6,12－13歲未滿,性別合計,101,1
7,12－13歲未滿,男性,101,1
8,12－13歲未滿,女性,101,0
9,13－14歲未滿,性別合計,101,15
10,13－14歲未滿,男性,101,14
11,13－14歲未滿,女性,101,1
12,14－15歲未滿,性別合計,101,60
13,14－15歲未滿,男性,101,53
14,14－15歲未滿,女性,101,7
15,15－16歲未滿,性別合計,101,158
16,15－16歲未滿,男性,101,129
17,15－16歲未滿,女性,101,29
18,16－17歲未滿,性別合計,101,212
19,16－17歲未滿,男性,101,189
20,16－17歲未滿,女性,101,23
21,17－18歲未滿,性別合計,101,278
22,17－18歲未滿,男性,101,240
23,17－18歲未滿,女性,101,38
24,18歲以上,性別合計,101,493
25,18歲以上,男性,101,437
26,18歲以上,女性,101,56
27,少年犯年齡合計,性別合計,101,1077
28,少年犯年齡合計,男性,101,929
29,少年犯年齡合計,女性,101,148
30,12歲未滿,性別合計,101,0
31,12歲未滿,男性,101,0
32,12歲未滿,女性,101,0
33,12－13歲未滿,性別合計,101,4
34,12－13歲未滿,男性,101,4
35,12－13歲未滿,女性,101,0
36,13－14歲未滿,性別合計,101,7
37,13－14歲未滿,男性,101,5
38,13－14歲未滿,女性,101,2
39,14－15歲未滿,性別合計,101,64
40,14－15歲未滿,男性,101,52
41,14－15歲未滿,女性,101,12
42,15－16歲未滿,性別合計,101,148
43,15－16歲未滿,男性,101,122
44,15－16歲未滿,女性,101,26
45,16－17歲未滿,性別合計,101,192
46,16－17歲未滿,男性,101,159
47,16－17歲未滿,女性,101,33
48,17－18歲未滿,性別合計,101,220
49,17－18歲未滿,男性,101,197
50,17－18歲未滿,女性,101,23
51,18歲以上,性別合計,101,442
52,18歲以上,男性,101,390
53,18歲以上,女性,101,52
54,少年犯年齡合計,性別合計,101,1122
55,少年犯年齡合計,男性,101,970
56,少年犯年齡合計,女性,101,152
57,12歲未滿,性別合計,101,0
58,12歲未滿,男性,101,0
59,12歲未滿,女性,101,0
60,12－13歲未滿,性別合計,101,4
61,12－13歲未滿,男性,101,4
62,12－13歲未滿,女性,101,0
63,13－14歲未滿,性別合計,101,10
64,13－14歲未滿,男性,101,10
65,13－14歲未滿,女性,101,0
66,14－15歲未滿,性別合計,101,62
67,14－15歲未滿,男性,101,50
68,14－15歲未滿,女性,101,12
69,15－16歲未滿,性別合計,101,166
70,15－16歲未滿,男性,101,136
71,15－16歲未滿,女性,101,30
72,16－17歲未滿,性別合計,101,198
73,16－17歲未滿,男性,101,166
74,16－17歲未滿,女性,101,32
75,17－18歲未滿,性別合計,101,236
76,17－18歲未滿,男性,101,211
77,17－18歲未滿,女性,101,25
78,18歲以上,性別合計,101,446
79,18歲以上,男性,101,393
80,18歲以上,女性,101,53
81,少年犯年齡合計,性別合計,101,1125
82,少年犯年齡合計,男性,101,965
83,少年犯年齡合計,女性,101,160
84,12歲未滿,性別合計,101,0
85,12歲未滿,男性,101,0
86,12歲未滿,女性,101,0
87,12－13歲未滿,性別合計,101,3
88,12－13歲未滿,男性,101,3
89,12－13歲未滿,女性,101,0
90,13－14歲未滿,性別合計,101,9
91,13－14歲未滿,男性,101,9
92,13－14歲未滿,女性,101,0
93,14－15歲未滿,性別合計,101,69
94,14－15歲未滿,男性,101,53
95,14－15歲未滿,女性,101,16
96,15－16歲未滿,性別合計,101,159
97,15－16歲未滿,男性,101,129
98,15－16歲未滿,女性,101,30
99,16－17歲未滿,性別合計,101,196
100,16－17歲未滿,男性,101,162
101,16－17歲未滿,女性,101,34
102,17－18歲未滿,性別合計,101,244
103,17－18歲未滿,男性,101,216
104,17－18歲未滿,女性,101,28
105,18歲以上,性別合計,101,445
106,18歲以上,男性,101,393
107,18歲以上,女性,101,52
108,少年犯年齡合計,性別合計,101,1141
109,少年犯年齡合計,男性,101,977
110,少年犯年齡合計,女性,101,164
111,12歲未滿,性別合計,101,0
112,12歲未滿,男性,101,0
113,12歲未滿,女性,101,0
114,12－13歲未滿,性別合計,101,3
115,12－13歲未滿,男性,101,3
116,12－13歲未滿,女性,101,0
117,13－14歲未滿,性別合計,101,11
118,13－14歲未滿,男性,101,11
119,13－14歲未滿,女性,101,0
120,14－15歲未滿,性別合計,101,73
121,14－15歲未滿,男性,101,59
122,14－15歲未滿,女性,101,14
123,15－16歲未滿,性別合計,101,154
124,15－16歲未滿,男性,101,125
125,15－16歲未滿,女性,101,29
126,16－17歲未滿,性別合計,101,205
127,16－17歲未滿,男性,101,172
128,16－17歲未滿,女性,101,33
129,17－18歲未滿,性別合計,101,241
130,17－18歲未滿,男性,101,211
131,17－18歲未滿,女性,101,30
132,18歲以上,性別合計,101,454
133,18歲以上,男性,101,396
134,18歲以上,女性,101,58
135,少年犯年齡合計,性別合計,101,1181
136,少年犯年齡合計,男性,101,1010
137,少年犯年齡合計,女性,101,171
138,12歲未滿,性別合計,101,0
139,12歲未滿,男性,101,0
140,12歲未滿,女性,101,0
141,12－13歲未滿,性別合計,101,2
142,12－13歲未滿,男性,101,2
143,12－13歲未滿,女性,101,0
144,13－14歲未滿,性別合計,101,12
145,13－14歲未滿,男性,101,12
146,13－14歲未滿,女性,101,0
147,14－15歲未滿,性別合計,101,76
148,14－15歲未滿,男性,101,61
149,14－15歲未滿,女性,101,15
150,15－16歲未滿,性別合計,101,158
151,15－16歲未滿,男性,101,133
152,15－16歲未滿,女性,101,25
153,16－17歲未滿,性別合計,101,205
154,16－17歲未滿,男性,101,173
155,16－17歲未滿,女性,101,32
156,17－18歲未滿,性別合計,101,248
157,17－18歲未滿,男性,101,213
158,17－18歲未滿,女性,101,35
159,18歲以上,性別合計,101,480
160,18歲以上,男性,101,416
161,18歲以上,女性,101,64
162,少年犯年齡合計,性別合計,101,1203
163,少年犯年齡合計,男性,101,1022
164,少年犯年齡合計,女性,101,181
165,12歲未滿,性別合計,101,0
166,12歲未滿,男性,101,0
167,12歲未滿,女性,101,0
168,12－13歲未滿,性別合計,101,1
169,12－13歲未滿,男性,101,1
170,12－13歲未滿,女性,101,0
171,13－14歲未滿,性別合計,101,11
172,13－14歲未滿,男性,101,11
173,13－14歲未滿,女性,101,0
174,14－15歲未滿,性別合計,101,78
175,14－15歲未滿,男性,101,65
176,14－15歲未滿,女性,101,13
177,15－16歲未滿,性別合計,101,157
178,15－16歲未滿,男性,101,129
179,15－16歲未滿,女性,101,28
180,16－17歲未滿,性別合計,101,199
181,16－17歲未滿,男性,101,166
182,16－17歲未滿,女性,101,33
183,17－18歲未滿,性別合計,101,260
184,17－18歲未滿,男性,101,221
185,17－18歲未滿,女性,101,39
186,18歲以上,性別合計,101,497
187,18歲以上,男性,101,429
188,18歲以上,女性,101,68
189,少年犯年齡合計,性別合計,101,1194
190,少年犯年齡合計,男性,101,1016
191,少年犯年齡合計,女性,101,178
192,12歲未滿,性別合計,101,0
193,12歲未滿,男性,101,0
194,12歲未滿,女性,101,0
195,12－13歲未滿,性別合計,101,0
196,12－13歲未滿,男性,101,0
197,12－13歲未滿,女性,101,0
198,13－14歲未滿,性別合計,101,12
199,13－14歲未滿,男性,101,12
200,13－14歲未滿,女性,101,0
201,14－15歲未滿,性別合計,101,84
202,14－15歲未滿,男性,101,68
203,14－15歲未滿,女性,101,16
204,15－16歲未滿,性別合計,101,152
205,15－16歲未滿,男性,101,128
206,15－16歲未滿,女性,101,24
207,16－17歲未滿,性別合計,101,198
208,16－17歲未滿,男性,101,164
209,16－17歲未滿,女性,101,34
210,17－18歲未滿,性別合計,101,263
211,17－18歲未滿,男性,101,220
212,17－18歲未滿,女性,101,43
213,18歲以上,性別合計,101,485
214,18歲以上,男性,101,424
215,18歲以上,女性,101,61
216,少年犯年齡合計,性別合計,101,1181
217,少年犯年齡合計,男性,101,1012
218,少年犯年齡合計,女性,101,169
219,12歲未滿,性別合計,101,0
220,12歲未滿,男性,101,0
221,12歲未滿,女性,101,0
222,12－13歲未滿,性別合計,101,0
223,12－13歲未滿,男性,101,0
224,12－13歲未滿,女性,101,0
225,13－14歲未滿,性別合計,101,14
226,13－14歲未滿,男性,101,12
227,13－14歲未滿,女性,101,2
228,14－15歲未滿,性別合計,101,83
229,14－15歲未滿,男性,101,67
230,14－15歲未滿,女性,101,16
231,15－16歲未滿,性別合計,101,151
232,15－16歲未滿,男性,101,130
233,15－16歲未滿,女性,101,21
234,16－17歲未滿,性別合計,101,208
235,16－17歲未滿,男性,101,173
236,16－17歲未滿,女性,101,35
237,17－18歲未滿,性別合計,101,257
238,17－18歲未滿,男性,101,217
239,17－18歲未滿,女性,101,40
240,18歲以上,性別合計,101,468
241,18歲以上,男性,101,413
242,18歲以上,女性,101,55
243,少年犯年齡合計,性別合計,101,1161
244,少年犯年齡合計,男性,101,1002
245,少年犯年齡合計,女性,101,159
246,12歲未滿,性別合計,101,0
247,12歲未滿,男性,101,0
248,12歲未滿,女性,101,0
249,12－13歲未滿,性別合計,101,0
250,12－13歲未滿,男性,101,0
251,12－13歲未滿,女性,101,0
252,13－14歲未滿,性別合計,101,14
253,13－14歲未滿,男性,101,12
254,13－14歲未滿,女性,101,2
255,14－15歲未滿,性別合計,101,77
256,14－15歲未滿,男性,101,66
257,14－15歲未滿,女性,101,11
258,15－16歲未滿,性別合計,101,151
259,15－16歲未滿,男性,101,125
260,15－16歲未滿,女性,101,26
261,16－17歲未滿,性別合計,101,206
262,16－17歲未滿,男性,101,175
263,16－17歲未滿,女性,101,31
264,17－18歲未滿,性別合計,101,251
265,17－18歲未滿,男性,101,214
266,17－18歲未滿,女性,101,37
267,18歲以上,性別合計,101,462
268,18歲以上,男性,101,410
269,18歲以上,女性,101,52
270,少年犯年齡合計,性別合計,101,1170
271,少年犯年齡合計,男性,101,1006
272,少年犯年齡合計,女性,101,164
273,12歲未滿,性別合計,101,0
274,12歲未滿,男性,101,0
275,12歲未滿,女性,101,0
276,12－13歲未滿,性別合計,101,0
277,12－13歲未滿,男性,101,0
278,12－13歲未滿,女性,101,0
279,13－14歲未滿,性別合計,101,14
280,13－14歲未滿,男性,101,13
281,13－14歲未滿,女性,101,1
282,14－15歲未滿,性別合計,101,78
283,14－15歲未滿,男性,101,66
284,14－15歲未滿,女性,101,12
285,15－16歲未滿,性別合計,101,144
286,15－16歲未滿,男性,101,116
287,15－16歲未滿,女性,101,28
288,16－17歲未滿,性別合計,101,210
289,16－17歲未滿,男性,101,181
290,16－17歲未滿,女性,101,29
291,17－18歲未滿,性別合計,101,257
292,17－18歲未滿,男性,101,219
293,17－18歲未滿,女性,101,38
294,18歲以上,性別合計,101,467
295,18歲以上,男性,101,411
296,18歲以上,女性,101,56
297,少年犯年齡合計,性別合計,101,1178
298,少年犯年齡合計,男性,101,1024
299,少年犯年齡合計,女性,101,154
300,12歲未滿,性別合計,101,0
301,12歲未滿,男性,101,0
302,12歲未滿,女性,101,0
303,12－13歲未滿,性別合計,101,1
304,12－13歲未滿,男性,101,1
305,12－13歲未滿,女性,101,0
306,13－14歲未滿,性別合計,101,13
307,13－14歲未滿,男性,101,12
308,13－14歲未滿,女性,101,1
309,14－15歲未滿,性別合計,101,65
310,14－15歲未滿,男性,101,58
311,14－15歲未滿,女性,101,7
312,15－16歲未滿,性別合計,101,153
313,15－16歲未滿,男性,101,122
314,15－16歲未滿,女性,101,31
315,16－17歲未滿,性別合計,101,206
316,16－17歲未滿,男性,101,182
317,16－17歲未滿,女性,101,24
318,17－18歲未滿,性別合計,101,273
319,17－18歲未滿,男性,101,237
320,17－18歲未滿,女性,101,36
321,18歲以上,性別合計,101,467
322,18歲以上,男性,101,412
323,18歲以上,女性,101,55
324,少年犯年齡合計,性別合計,101,1217
325,少年犯年齡合計,男性,101,1063
326,少年犯年齡合計,女性,101,154
327,12歲未滿,性別合計,101,0
328,12歲未滿,男性,101,0
329,12歲未滿,女性,101,0
330,12－13歲未滿,性別合計,101,1
331,12－13歲未滿,男性,101,1
332,12－13歲未滿,女性,101,0
333,13－14歲未滿,性別合計,101,15
334,13－14歲未滿,男性,101,14
335,13－14歲未滿,女性,101,1
336,14－15歲未滿,性別合計,101,60
337,14－15歲未滿,男性,101,53
338,14－15歲未滿,女性,101,7
339,15－16歲未滿,性別合計,101,158
340,15－16歲未滿,男性,101,129
341,15－16歲未滿,女性,101,29
342,16－17歲未滿,性別合計,101,212
343,16－17歲未滿,男性,101,189
344,16－17歲未滿,女性,101,23
345,17－18歲未滿,性別合計,101,278
346,17－18歲未滿,男性,101,240
347,17－18歲未滿,女性,101,38
348,18歲以上,性別合計,101,493
349,18歲以上,男性,101,437
350,18歲以上,女性,101,56
351,少年犯年齡合計,性別合計,102,1270
352,少年犯年齡合計,男性,102,1071
353,少年犯年齡合計,女性,102,199
354,12歲未滿,性別合計,102,0
355,12歲未滿,男性,102,0
356,12歲未滿,女性,102,0
357,12－13歲未滿,性別合計,102,1
358,12－13歲未滿,男性,102,1
359,12－13歲未滿,女性,102,0
360,13－14歲未滿,性別合計,102,11
361,13－14歲未滿,男性,102,10
362,13－14歲未滿,女性,102,1
363,14－15歲未滿,性別合計,102,48
364,14－15歲未滿,男性,102,36
365,14－15歲未滿,女性,102,12
366,15－16歲未滿,性別合計,102,124
367,15－16歲未滿,男性,102,102
368,15－16歲未滿,女性,102,22
369,16－17歲未滿,性別合計,102,224
370,16－17歲未滿,男性,102,181
371,16－17歲未滿,女性,102,43
372,17－18歲未滿,性別合計,102,278
373,17－18歲未滿,男性,102,240
374,17－18歲未滿,女性,102,38
375,18歲以上,性別合計,102,584
376,18歲以上,男性,102,501
377,18歲以上,女性,102,83
378,少年犯年齡合計,性別合計,102,1199
379,少年犯年齡合計,男性,102,1055
380,少年犯年齡合計,女性,102,144
381,12歲未滿,性別合計,102,0
382,12歲未滿,男性,102,0
383,12歲未滿,女性,102,0
384,12－13歲未滿,性別合計,102,1
385,12－13歲未滿,男性,102,1
386,12－13歲未滿,女性,102,0
387,13－14歲未滿,性別合計,102,14
388,13－14歲未滿,男性,102,13
389,13－14歲未滿,女性,102,1
390,14－15歲未滿,性別合計,102,69
391,14－15歲未滿,男性,102,59
392,14－15歲未滿,女性,102,10
393,15－16歲未滿,性別合計,102,148
394,15－16歲未滿,男性,102,126
395,15－16歲未滿,女性,102,22
396,16－17歲未滿,性別合計,102,194
397,16－17歲未滿,男性,102,170
398,16－17歲未滿,女性,102,24
399,17－18歲未滿,性別合計,102,288
400,17－18歲未滿,男性,102,255
401,17－18歲未滿,女性,102,33
402,18歲以上,性別合計,102,485
403,18歲以上,男性,102,431
404,18歲以上,女性,102,54
405,少年犯年齡合計,性別合計,102,1192
406,少年犯年齡合計,男性,102,1046
407,少年犯年齡合計,女性,102,146
408,12歲未滿,性別合計,102,0
409,12歲未滿,男性,102,0
410,12歲未滿,女性,102,0
411,12－13歲未滿,性別合計,102,1
412,12－13歲未滿,男性,102,1
413,12－13歲未滿,女性,102,0
414,13－14歲未滿,性別合計,102,16
415,13－14歲未滿,男性,102,16
416,13－14歲未滿,女性,102,0
417,14－15歲未滿,性別合計,102,65
418,14－15歲未滿,男性,102,55
419,14－15歲未滿,女性,102,10
420,15－16歲未滿,性別合計,102,150
421,15－16歲未滿,男性,102,122
422,15－16歲未滿,女性,102,28
423,16－17歲未滿,性別合計,102,194
424,16－17歲未滿,男性,102,172
425,16－17歲未滿,女性,102,22
426,17－18歲未滿,性別合計,102,283
427,17－18歲未滿,男性,102,248
428,17－18歲未滿,女性,102,35
429,18歲以上,性別合計,102,483
430,18歲以上,男性,102,432
431,18歲以上,女性,102,51
432,少年犯年齡合計,性別合計,102,1205
433,少年犯年齡合計,男性,102,1054
434,少年犯年齡合計,女性,102,151
435,12歲未滿,性別合計,102,0
436,12歲未滿,男性,102,0
437,12歲未滿,女性,102,0
438,12－13歲未滿,性別合計,102,1
439,12－13歲未滿,男性,102,1
440,12－13歲未滿,女性,102,0
441,13－14歲未滿,性別合計,102,17
442,13－14歲未滿,男性,102,16
443,13－14歲未滿,女性,102,1
444,14－15歲未滿,性別合計,102,57
445,14－15歲未滿,男性,102,51
446,14－15歲未滿,女性,102,6
447,15－16歲未滿,性別合計,102,157
448,15－16歲未滿,男性,102,123
449,15－16歲未滿,女性,102,34
450,16－17歲未滿,性別合計,102,199
451,16－17歲未滿,男性,102,174
452,16－17歲未滿,女性,102,25
453,17－18歲未滿,性別合計,102,274
454,17－18歲未滿,男性,102,245
455,17－18歲未滿,女性,102,29
456,18歲以上,性別合計,102,500
457,18歲以上,男性,102,444
458,18歲以上,女性,102,56
459,少年犯年齡合計,性別合計,102,1222
460,少年犯年齡合計,男性,102,1061
461,少年犯年齡合計,女性,102,161
462,12歲未滿,性別合計,102,0
463,12歲未滿,男性,102,0
464,12歲未滿,女性,102,0
465,12－13歲未滿,性別合計,102,1
466,12－13歲未滿,男性,102,1
467,12－13歲未滿,女性,102,0
468,13－14歲未滿,性別合計,102,19
469,13－14歲未滿,男性,102,15
470,13－14歲未滿,女性,102,4
471,14－15歲未滿,性別合計,102,54
472,14－15歲未滿,男性,102,45
473,14－15歲未滿,女性,102,9
474,15－16歲未滿,性別合計,102,161
475,15－16歲未滿,男性,102,125
476,15－16歲未滿,女性,102,36
477,16－17歲未滿,性別合計,102,201
478,16－17歲未滿,男性,102,175
479,16－17歲未滿,女性,102,26
480,17－18歲未滿,性別合計,102,265
481,17－18歲未滿,男性,102,238
482,17－18歲未滿,女性,102,27
483,18歲以上,性別合計,102,521
484,18歲以上,男性,102,462
485,18歲以上,女性,102,59
486,少年犯年齡合計,性別合計,102,1275
487,少年犯年齡合計,男性,102,1105
488,少年犯年齡合計,女性,102,170
489,12歲未滿,性別合計,102,0
490,12歲未滿,男性,102,0
491,12歲未滿,女性,102,0
492,12－13歲未滿,性別合計,102,1
493,12－13歲未滿,男性,102,1
494,12－13歲未滿,女性,102,0
495,13－14歲未滿,性別合計,102,15
496,13－14歲未滿,男性,102,12
497,13－14歲未滿,女性,102,3
498,14－15歲未滿,性別合計,102,61
499,14－15歲未滿,男性,102,50
500,14－15歲未滿,女性,102,11
501,15－16歲未滿,性別合計,102,156
502,15－16歲未滿,男性,102,124
503,15－16歲未滿,女性,102,32
504,16－17歲未滿,性別合計,102,216
505,16－17歲未滿,男性,102,186
506,16－17歲未滿,女性,102,30
507,17－18歲未滿,性別合計,102,272
508,17－18歲未滿,男性,102,243
509,17－18歲未滿,女性,102,29
510,18歲以上,性別合計,102,554
511,18歲以上,男性,102,489
512,18歲以上,女性,102,65
513,少年犯年齡合計,性別合計,102,1292
514,少年犯年齡合計,男性,102,1108
515,少年犯年齡合計,女性,102,184
516,12歲未滿,性別合計,102,0
517,12歲未滿,男性,102,0
518,12歲未滿,女性,102,0
519,12－13歲未滿,性別合計,102,3
520,12－13歲未滿,男性,102,3
521,12－13歲未滿,女性,102,0
522,13－14歲未滿,性別合計,102,12
523,13－14歲未滿,男性,102,10
524,13－14歲未滿,女性,102,2
525,14－15歲未滿,性別合計,102,63
526,14－15歲未滿,男性,102,52
527,14－15歲未滿,女性,102,11
528,15－16歲未滿,性別合計,102,148
529,15－16歲未滿,男性,102,116
530,15－16歲未滿,女性,102,32
531,16－17歲未滿,性別合計,102,229
532,16－17歲未滿,男性,102,193
533,16－17歲未滿,女性,102,36
534,17－18歲未滿,性別合計,102,278
535,17－18歲未滿,男性,102,244
536,17－18歲未滿,女性,102,34
537,18歲以上,性別合計,102,559
538,18歲以上,男性,102,490
539,18歲以上,女性,102,69
540,少年犯年齡合計,性別合計,102,1295
541,少年犯年齡合計,男性,102,1110
542,少年犯年齡合計,女性,102,185
543,12歲未滿,性別合計,102,0
544,12歲未滿,男性,102,0
545,12歲未滿,女性,102,0
546,12－13歲未滿,性別合計,102,3
547,12－13歲未滿,男性,102,3
548,12－13歲未滿,女性,102,0
549,13－14歲未滿,性別合計,102,10
550,13－14歲未滿,男性,102,8
551,13－14歲未滿,女性,102,2
552,14－15歲未滿,性別合計,102,61
553,14－15歲未滿,男性,102,50
554,14－15歲未滿,女性,102,11
555,15－16歲未滿,性別合計,102,155
556,15－16歲未滿,男性,102,121
557,15－16歲未滿,女性,102,34
558,16－17歲未滿,性別合計,102,223
559,16－17歲未滿,男性,102,186
560,16－17歲未滿,女性,102,37
561,17－18歲未滿,性別合計,102,285
562,17－18歲未滿,男性,102,252
563,17－18歲未滿,女性,102,33
564,18歲以上,性別合計,102,558
565,18歲以上,男性,102,490
566,18歲以上,女性,102,68
567,少年犯年齡合計,性別合計,102,1283
568,少年犯年齡合計,男性,102,1095
569,少年犯年齡合計,女性,102,188
570,12歲未滿,性別合計,102,0
571,12歲未滿,男性,102,0
572,12歲未滿,女性,102,0
573,12－13歲未滿,性別合計,102,2
574,12－13歲未滿,男性,102,2
575,12－13歲未滿,女性,102,0
576,13－14歲未滿,性別合計,102,9
577,13－14歲未滿,男性,102,6
578,13－14歲未滿,女性,102,3
579,14－15歲未滿,性別合計,102,60
580,14－15歲未滿,男性,102,44
581,14－15歲未滿,女性,102,16
582,15－16歲未滿,性別合計,102,147
583,15－16歲未滿,男性,102,118
584,15－16歲未滿,女性,102,29
585,16－17歲未滿,性別合計,102,232
586,16－17歲未滿,男性,102,194
587,16－17歲未滿,女性,102,38
588,17－18歲未滿,性別合計,102,288
589,17－18歲未滿,男性,102,254
590,17－18歲未滿,女性,102,34
591,18歲以上,性別合計,102,545
592,18歲以上,男性,102,477
593,18歲以上,女性,102,68
594,少年犯年齡合計,性別合計,102,1284
595,少年犯年齡合計,男性,102,1100
596,少年犯年齡合計,女性,102,184
597,12歲未滿,性別合計,102,0
598,12歲未滿,男性,102,0
599,12歲未滿,女性,102,0
600,12－13歲未滿,性別合計,102,1
601,12－13歲未滿,男性,102,1
602,12－13歲未滿,女性,102,0
603,13－14歲未滿,性別合計,102,10
604,13－14歲未滿,男性,102,8
605,13－14歲未滿,女性,102,2
606,14－15歲未滿,性別合計,102,60
607,14－15歲未滿,男性,102,42
608,14－15歲未滿,女性,102,18
609,15－16歲未滿,性別合計,102,140
610,15－16歲未滿,男性,102,114
611,15－16歲未滿,女性,102,26
612,16－17歲未滿,性別合計,102,222
613,16－17歲未滿,男性,102,183
614,16－17歲未滿,女性,102,39
615,17－18歲未滿,性別合計,102,286
616,17－18歲未滿,男性,102,257
617,17－18歲未滿,女性,102,29
618,18歲以上,性別合計,102,565
619,18歲以上,男性,102,495
620,18歲以上,女性,102,70
621,少年犯年齡合計,性別合計,102,1309
622,少年犯年齡合計,男性,102,1116
623,少年犯年齡合計,女性,102,193
624,12歲未滿,性別合計,102,0
625,12歲未滿,男性,102,0
626,12歲未滿,女性,102,0
627,12－13歲未滿,性別合計,102,1
628,12－13歲未滿,男性,102,1
629,12－13歲未滿,女性,102,0
630,13－14歲未滿,性別合計,102,8
631,13－14歲未滿,男性,102,8
632,13－14歲未滿,女性,102,0
633,14－15歲未滿,性別合計,102,61
634,14－15歲未滿,男性,102,44
635,14－15歲未滿,女性,102,17
636,15－16歲未滿,性別合計,102,136
637,15－16歲未滿,男性,102,113
638,15－16歲未滿,女性,102,23
639,16－17歲未滿,性別合計,102,231
640,16－17歲未滿,男性,102,188
641,16－17歲未滿,女性,102,43
642,17－18歲未滿,性別合計,102,291
643,17－18歲未滿,男性,102,259
644,17－18歲未滿,女性,102,32
645,18歲以上,性別合計,102,581
646,18歲以上,男性,102,503
647,18歲以上,女性,102,78
648,少年犯年齡合計,性別合計,102,1275
649,少年犯年齡合計,男性,102,1077
650,少年犯年齡合計,女性,102,198
651,12歲未滿,性別合計,102,0
652,12歲未滿,男性,102,0
653,12歲未滿,女性,102,0
654,12－13歲未滿,性別合計,102,1
655,12－13歲未滿,男性,102,1
656,12－13歲未滿,女性,102,0
657,13－14歲未滿,性別合計,102,11
658,13－14歲未滿,男性,102,10
659,13－14歲未滿,女性,102,1
660,14－15歲未滿,性別合計,102,51
661,14－15歲未滿,男性,102,37
662,14－15歲未滿,女性,102,14
663,15－16歲未滿,性別合計,102,127
664,15－16歲未滿,男性,102,103
665,15－16歲未滿,女性,102,24
666,16－17歲未滿,性別合計,102,226
667,16－17歲未滿,男性,102,183
668,16－17歲未滿,女性,102,43
669,17－18歲未滿,性別合計,102,279
670,17－18歲未滿,男性,102,244
671,17－18歲未滿,女性,102,35
672,18歲以上,性別合計,102,580
673,18歲以上,男性,102,499
674,18歲以上,女性,102,81
675,少年犯年齡合計,性別合計,102,1270
676,少年犯年齡合計,男性,102,1071
677,少年犯年齡合計,女性,102,199
678,12歲未滿,性別合計,102,0
679,12歲未滿,男性,102,0
680,12歲未滿,女性,102,0
681,12－13歲未滿,性別合計,102,1
682,12－13歲未滿,男性,102,1
683,12－13歲未滿,女性,102,0
684,13－14歲未滿,性別合計,102,11
685,13－14歲未滿,男性,102,10
686,13－14歲未滿,女性,102,1
687,14－15歲未滿,性別合計,102,48
688,14－15歲未滿,男性,102,36
689,14－15歲未滿,女性,102,12
690,15－16歲未滿,性別合計,102,124
691,15－16歲未滿,男性,102,102
692,15－16歲未滿,女性,102,22
693,16－17歲未滿,性別合計,102,224
694,16－17歲未滿,男性,102,181
695,16－17歲未滿,女性,102,43
696,17－18歲未滿,性別合計,102,278
697,17－18歲未滿,男性,102,240
698,17－18歲未滿,女性,102,38
699,18歲以上,性別合計,102,584
700,18歲以上,男性,102,501
701,18歲以上,女性,102,83
702,少年犯年齡合計,性別合計,103,1104
703,少年犯年齡合計,男性,103,967
704,少年犯年齡合計,女性,103,137
705,12歲未滿,性別合計,103,0
706,12歲未滿,男性,103,0
707,12歲未滿,女性,103,0
708,12－13歲未滿,性別合計,103,3
709,12－13歲未滿,男性,103,2
710,12－13歲未滿,女性,103,1
711,13－14歲未滿,性別合計,103,4
712,13－14歲未滿,男性,103,2
713,13－14歲未滿,女性,103,2
714,14－15歲未滿,性別合計,103,41
715,14－15歲未滿,男性,103,33
716,14－15歲未滿,女性,103,8
717,15－16歲未滿,性別合計,103,108
718,15－16歲未滿,男性,103,89
719,15－16歲未滿,女性,103,19
720,16－17歲未滿,性別合計,103,160
721,16－17歲未滿,男性,103,133
722,16－17歲未滿,女性,103,27
723,17－18歲未滿,性別合計,103,252
724,17－18歲未滿,男性,103,225
725,17－18歲未滿,女性,103,27
726,18歲以上,性別合計,103,536
727,18歲以上,男性,103,483
728,18歲以上,女性,103,53
729,少年犯年齡合計,性別合計,103,1217
730,少年犯年齡合計,男性,103,1024
731,少年犯年齡合計,女性,103,193
732,12歲未滿,性別合計,103,1
733,12歲未滿,男性,103,1
734,12歲未滿,女性,103,0
735,12－13歲未滿,性別合計,103,0
736,12－13歲未滿,男性,103,0
737,12－13歲未滿,女性,103,0
738,13－14歲未滿,性別合計,103,14
739,13－14歲未滿,男性,103,13
740,13－14歲未滿,女性,103,1
741,14－15歲未滿,性別合計,103,47
742,14－15歲未滿,男性,103,36
743,14－15歲未滿,女性,103,11
744,15－16歲未滿,性別合計,103,119
745,15－16歲未滿,男性,103,99
746,15－16歲未滿,女性,103,20
747,16－17歲未滿,性別合計,103,209
748,16－17歲未滿,男性,103,166
749,16－17歲未滿,女性,103,43
750,17－18歲未滿,性別合計,103,262
751,17－18歲未滿,男性,103,223
752,17－18歲未滿,女性,103,39
753,18歲以上,性別合計,103,565
754,18歲以上,男性,103,486
755,18歲以上,女性,103,79
756,少年犯年齡合計,性別合計,103,1235
757,少年犯年齡合計,男性,103,1041
758,少年犯年齡合計,女性,103,194
759,12歲未滿,性別合計,103,1
760,12歲未滿,男性,103,1
761,12歲未滿,女性,103,0
762,12－13歲未滿,性別合計,103,0
763,12－13歲未滿,男性,103,0
764,12－13歲未滿,女性,103,0
765,13－14歲未滿,性別合計,103,15
766,13－14歲未滿,男性,103,14
767,13－14歲未滿,女性,103,1
768,14－15歲未滿,性別合計,103,43
769,14－15歲未滿,男性,103,31
770,14－15歲未滿,女性,103,12
771,15－16歲未滿,性別合計,103,113
772,15－16歲未滿,男性,103,92
773,15－16歲未滿,女性,103,21
774,16－17歲未滿,性別合計,103,208
775,16－17歲未滿,男性,103,163
776,16－17歲未滿,女性,103,45
777,17－18歲未滿,性別合計,103,261
778,17－18歲未滿,男性,103,231
779,17－18歲未滿,女性,103,30
780,18歲以上,性別合計,103,594
781,18歲以上,男性,103,509
782,18歲以上,女性,103,85
783,少年犯年齡合計,性別合計,103,1212
784,少年犯年齡合計,男性,103,1019
785,少年犯年齡合計,女性,103,193
786,12歲未滿,性別合計,103,1
787,12歲未滿,男性,103,1
788,12歲未滿,女性,103,0
789,12－13歲未滿,性別合計,103,0
790,12－13歲未滿,男性,103,0
791,12－13歲未滿,女性,103,0
792,13－14歲未滿,性別合計,103,14
793,13－14歲未滿,男性,103,13
794,13－14歲未滿,女性,103,1
795,14－15歲未滿,性別合計,103,41
796,14－15歲未滿,男性,103,33
797,14－15歲未滿,女性,103,8
798,15－16歲未滿,性別合計,103,115
799,15－16歲未滿,男性,103,92
800,15－16歲未滿,女性,103,23
801,16－17歲未滿,性別合計,103,199
802,16－17歲未滿,男性,103,155
803,16－17歲未滿,女性,103,44
804,17－18歲未滿,性別合計,103,264
805,17－18歲未滿,男性,103,227
806,17－18歲未滿,女性,103,37
807,18歲以上,性別合計,103,578
808,18歲以上,男性,103,498
809,18歲以上,女性,103,80
810,少年犯年齡合計,性別合計,103,1198
811,少年犯年齡合計,男性,103,1000
812,少年犯年齡合計,女性,103,198
813,12歲未滿,性別合計,103,0
814,12歲未滿,男性,103,0
815,12歲未滿,女性,103,0
816,12－13歲未滿,性別合計,103,1
817,12－13歲未滿,男性,103,1
818,12－13歲未滿,女性,103,0
819,13－14歲未滿,性別合計,103,14
820,13－14歲未滿,男性,103,13
821,13－14歲未滿,女性,103,1
822,14－15歲未滿,性別合計,103,40
823,14－15歲未滿,男性,103,33
824,14－15歲未滿,女性,103,7
825,15－16歲未滿,性別合計,103,116
826,15－16歲未滿,男性,103,88
827,15－16歲未滿,女性,103,28
828,16－17歲未滿,性別合計,103,195
829,16－17歲未滿,男性,103,151
830,16－17歲未滿,女性,103,44
831,17－18歲未滿,性別合計,103,247
832,17－18歲未滿,男性,103,211
833,17－18歲未滿,女性,103,36
834,18歲以上,性別合計,103,585
835,18歲以上,男性,103,503
836,18歲以上,女性,103,82
837,少年犯年齡合計,性別合計,103,1188
838,少年犯年齡合計,男性,103,990
839,少年犯年齡合計,女性,103,198
840,12歲未滿,性別合計,103,0
841,12歲未滿,男性,103,0
842,12歲未滿,女性,103,0
843,12－13歲未滿,性別合計,103,1
844,12－13歲未滿,男性,103,1
845,12－13歲未滿,女性,103,0
846,13－14歲未滿,性別合計,103,14
847,13－14歲未滿,男性,103,13
848,13－14歲未滿,女性,103,1
849,14－15歲未滿,性別合計,103,35
850,14－15歲未滿,男性,103,30
851,14－15歲未滿,女性,103,5
852,15－16歲未滿,性別合計,103,116
853,15－16歲未滿,男性,103,87
854,15－16歲未滿,女性,103,29
855,16－17歲未滿,性別合計,103,196
856,16－17歲未滿,男性,103,151
857,16－17歲未滿,女性,103,45
858,17－18歲未滿,性別合計,103,267
859,17－18歲未滿,男性,103,228
860,17－18歲未滿,女性,103,39
861,18歲以上,性別合計,103,559
862,18歲以上,男性,103,480
863,18歲以上,女性,103,79
864,少年犯年齡合計,性別合計,103,1196
865,少年犯年齡合計,男性,103,1006
866,少年犯年齡合計,女性,103,190
867,12歲未滿,性別合計,103,0
868,12歲未滿,男性,103,0
869,12歲未滿,女性,103,0
870,12－13歲未滿,性別合計,103,1
871,12－13歲未滿,男性,103,1
872,12－13歲未滿,女性,103,0
873,13－14歲未滿,性別合計,103,13
874,13－14歲未滿,男性,103,13
875,13－14歲未滿,女性,103,0
876,14－15歲未滿,性別合計,103,34
877,14－15歲未滿,男性,103,30
878,14－15歲未滿,女性,103,4
879,15－16歲未滿,性別合計,103,119
880,15－16歲未滿,男性,103,91
881,15－16歲未滿,女性,103,28
882,16－17歲未滿,性別合計,103,186
883,16－17歲未滿,男性,103,146
884,16－17歲未滿,女性,103,40
885,17－18歲未滿,性別合計,103,277
886,17－18歲未滿,男性,103,241
887,17－18歲未滿,女性,103,36
888,18歲以上,性別合計,103,566
889,18歲以上,男性,103,484
890,18歲以上,女性,103,82
891,少年犯年齡合計,性別合計,103,1166
892,少年犯年齡合計,男性,103,987
893,少年犯年齡合計,女性,103,179
894,12歲未滿,性別合計,103,0
895,12歲未滿,男性,103,0
896,12歲未滿,女性,103,0
897,12－13歲未滿,性別合計,103,1
898,12－13歲未滿,男性,103,1
899,12－13歲未滿,女性,103,0
900,13－14歲未滿,性別合計,103,13
901,13－14歲未滿,男性,103,12
902,13－14歲未滿,女性,103,1
903,14－15歲未滿,性別合計,103,37
904,14－15歲未滿,男性,103,32
905,14－15歲未滿,女性,103,5
906,15－16歲未滿,性別合計,103,118
907,15－16歲未滿,男性,103,92
908,15－16歲未滿,女性,103,26
909,16－17歲未滿,性別合計,103,175
910,16－17歲未滿,男性,103,139
911,16－17歲未滿,女性,103,36
912,17－18歲未滿,性別合計,103,264
913,17－18歲未滿,男性,103,231
914,17－18歲未滿,女性,103,33
915,18歲以上,性別合計,103,558
916,18歲以上,男性,103,480
917,18歲以上,女性,103,78
918,少年犯年齡合計,性別合計,103,1130
919,少年犯年齡合計,男性,103,967
920,少年犯年齡合計,女性,103,163
921,12歲未滿,性別合計,103,0
922,12歲未滿,男性,103,0
923,12歲未滿,女性,103,0
924,12－13歲未滿,性別合計,103,1
925,12－13歲未滿,男性,103,1
926,12－13歲未滿,女性,103,0
927,13－14歲未滿,性別合計,103,5
928,13－14歲未滿,男性,103,5
929,13－14歲未滿,女性,103,0
930,14－15歲未滿,性別合計,103,37
931,14－15歲未滿,男性,103,32
932,14－15歲未滿,女性,103,5
933,15－16歲未滿,性別合計,103,116
934,15－16歲未滿,男性,103,97
935,15－16歲未滿,女性,103,19
936,16－17歲未滿,性別合計,103,166
937,16－17歲未滿,男性,103,133
938,16－17歲未滿,女性,103,33
939,17－18歲未滿,性別合計,103,254
940,17－18歲未滿,男性,103,224
941,17－18歲未滿,女性,103,30
942,18歲以上,性別合計,103,551
943,18歲以上,男性,103,475
944,18歲以上,女性,103,76
945,少年犯年齡合計,性別合計,103,1139
946,少年犯年齡合計,男性,103,982
947,少年犯年齡合計,女性,103,157
948,12歲未滿,性別合計,103,0
949,12歲未滿,男性,103,0
950,12歲未滿,女性,103,0
951,12－13歲未滿,性別合計,103,3
952,12－13歲未滿,男性,103,2
953,12－13歲未滿,女性,103,1
954,13－14歲未滿,性別合計,103,6
955,13－14歲未滿,男性,103,5
956,13－14歲未滿,女性,103,1
957,14－15歲未滿,性別合計,103,30
958,14－15歲未滿,男性,103,26
959,14－15歲未滿,女性,103,4
960,15－16歲未滿,性別合計,103,110
961,15－16歲未滿,男性,103,92
962,15－16歲未滿,女性,103,18
963,16－17歲未滿,性別合計,103,158
964,16－17歲未滿,男性,103,127
965,16－17歲未滿,女性,103,31
966,17－18歲未滿,性別合計,103,261
967,17－18歲未滿,男性,103,229
968,17－18歲未滿,女性,103,32
969,18歲以上,性別合計,103,571
970,18歲以上,男性,103,501
971,18歲以上,女性,103,70
972,少年犯年齡合計,性別合計,103,1088
973,少年犯年齡合計,男性,103,940
974,少年犯年齡合計,女性,103,148
975,12歲未滿,性別合計,103,0
976,12歲未滿,男性,103,0
977,12歲未滿,女性,103,0
978,12－13歲未滿,性別合計,103,3
979,12－13歲未滿,男性,103,2
980,12－13歲未滿,女性,103,1
981,13－14歲未滿,性別合計,103,6
982,13－14歲未滿,男性,103,4
983,13－14歲未滿,女性,103,2
984,14－15歲未滿,性別合計,103,35
985,14－15歲未滿,男性,103,31
986,14－15歲未滿,女性,103,4
987,15－16歲未滿,性別合計,103,106
988,15－16歲未滿,男性,103,85
989,15－16歲未滿,女性,103,21
990,16－17歲未滿,性別合計,103,161
991,16－17歲未滿,男性,103,133
992,16－17歲未滿,女性,103,28
993,17－18歲未滿,性別合計,103,240
994,17－18歲未滿,男性,103,212
995,17－18歲未滿,女性,103,28
996,18歲以上,性別合計,103,537
997,18歲以上,男性,103,473
998,18歲以上,女性,103,64
999,少年犯年齡合計,性別合計,103,1087
1000,少年犯年齡合計,男性,103,955
1001,少年犯年齡合計,女性,103,132
1002,12歲未滿,性別合計,103,0
1003,12歲未滿,男性,103,0
1004,12歲未滿,女性,103,0
1005,12－13歲未滿,性別合計,103,3
1006,12－13歲未滿,男性,103,2
1007,12－13歲未滿,女性,103,1
1008,13－14歲未滿,性別合計,103,6
1009,13－14歲未滿,男性,103,3
1010,13－14歲未滿,女性,103,3
1011,14－15歲未滿,性別合計,103,37
1012,14－15歲未滿,男性,103,33
1013,14－15歲未滿,女性,103,4
1014,15－16歲未滿,性別合計,103,101
1015,15－16歲未滿,男性,103,83
1016,15－16歲未滿,女性,103,18
1017,16－17歲未滿,性別合計,103,166
1018,16－17歲未滿,男性,103,141
1019,16－17歲未滿,女性,103,25
1020,17－18歲未滿,性別合計,103,239
1021,17－18歲未滿,男性,103,212
1022,17－18歲未滿,女性,103,27
1023,18歲以上,性別合計,103,535
1024,18歲以上,男性,103,481
1025,18歲以上,女性,103,54
1026,少年犯年齡合計,性別合計,103,1104
1027,少年犯年齡合計,男性,103,967
1028,少年犯年齡合計,女性,103,137
1029,12歲未滿,性別合計,103,0
1030,12歲未滿,男性,103,0
1031,12歲未滿,女性,103,0
1032,12－13歲未滿,性別合計,103,3
1033,12－13歲未滿,男性,103,2
1034,12－13歲未滿,女性,103,1
1035,13－14歲未滿,性別合計,103,4
1036,13－14歲未滿,男性,103,2
1037,13－14歲未滿,女性,103,2
1038,14－15歲未滿,性別合計,103,41
1039,14－15歲未滿,男性,103,33
1040,14－15歲未滿,女性,103,8
1041,15－16歲未滿,性別合計,103,108
1042,15－16歲未滿,男性,103,89
1043,15－16歲未滿,女性,103,19
1044,16－17歲未滿,性別合計,103,160
1045,16－17歲未滿,男性,103,133
1046,16－17歲未滿,女性,103,27
1047,17－18歲未滿,性別合計,103,252
1048,17－18歲未滿,男性,103,225
1049,17－18歲未滿,女性,103,27
1050,18歲以上,性別合計,103,536
1051,18歲以上,男性,103,483
1052,18歲以上,女性,103,53
1053,少年犯年齡合計,性別合計,104,1092
1054,少年犯年齡合計,男性,104,968
1055,少年犯年齡合計,女性,104,124
1056,12歲未滿,性別合計,104,0
1057,12歲未滿,男性,104,0
1058,12歲未滿,女性,104,0
1059,12－13歲未滿,性別合計,104,0
1060,12－13歲未滿,男性,104,0
1061,12－13歲未滿,女性,104,0
1062,13－14歲未滿,性別合計,104,4
1063,13－14歲未滿,男性,104,3
1064,13－14歲未滿,女性,104,1
1065,14－15歲未滿,性別合計,104,29
1066,14－15歲未滿,男性,104,22
1067,14－15歲未滿,女性,104,7
1068,15－16歲未滿,性別合計,104,114
1069,15－16歲未滿,男性,104,95
1070,15－16歲未滿,女性,104,19
1071,16－17歲未滿,性別合計,104,132
1072,16－17歲未滿,男性,104,107
1073,16－17歲未滿,女性,104,25
1074,17－18歲未滿,性別合計,104,211
1075,17－18歲未滿,男性,104,193
1076,17－18歲未滿,女性,104,18
1077,18歲以上,性別合計,104,602
1078,18歲以上,男性,104,548
1079,18歲以上,女性,104,54
1080,少年犯年齡合計,性別合計,104,1104
1081,少年犯年齡合計,男性,104,962
1082,少年犯年齡合計,女性,104,142
1083,12歲未滿,性別合計,104,0
1084,12歲未滿,男性,104,0
1085,12歲未滿,女性,104,0
1086,12－13歲未滿,性別合計,104,3
1087,12－13歲未滿,男性,104,2
1088,12－13歲未滿,女性,104,1
1089,13－14歲未滿,性別合計,104,4
1090,13－14歲未滿,男性,104,2
1091,13－14歲未滿,女性,104,2
1092,14－15歲未滿,性別合計,104,38
1093,14－15歲未滿,男性,104,31
1094,14－15歲未滿,女性,104,7
1095,15－16歲未滿,性別合計,104,100
1096,15－16歲未滿,男性,104,85
1097,15－16歲未滿,女性,104,15
1098,16－17歲未滿,性別合計,104,150
1099,16－17歲未滿,男性,104,121
1100,16－17歲未滿,女性,104,29
1101,17－18歲未滿,性別合計,104,253
1102,17－18歲未滿,男性,104,223
1103,17－18歲未滿,女性,104,30
1104,18歲以上,性別合計,104,556
1105,18歲以上,男性,104,498
1106,18歲以上,女性,104,58
1107,少年犯年齡合計,性別合計,104,1061
1108,少年犯年齡合計,男性,104,925
1109,少年犯年齡合計,女性,104,136
1110,12歲未滿,性別合計,104,0
1111,12歲未滿,男性,104,0
1112,12歲未滿,女性,104,0
1113,12－13歲未滿,性別合計,104,3
1114,12－13歲未滿,男性,104,2
1115,12－13歲未滿,女性,104,1
1116,13－14歲未滿,性別合計,104,5
1117,13－14歲未滿,男性,104,3
1118,13－14歲未滿,女性,104,2
1119,14－15歲未滿,性別合計,104,36
1120,14－15歲未滿,男性,104,28
1121,14－15歲未滿,女性,104,8
1122,15－16歲未滿,性別合計,104,95
1123,15－16歲未滿,男性,104,81
1124,15－16歲未滿,女性,104,14
1125,16－17歲未滿,性別合計,104,138
1126,16－17歲未滿,男性,104,111
1127,16－17歲未滿,女性,104,27
1128,17－18歲未滿,性別合計,104,245
1129,17－18歲未滿,男性,104,215
1130,17－18歲未滿,女性,104,30
1131,18歲以上,性別合計,104,539
1132,18歲以上,男性,104,485
1133,18歲以上,女性,104,54
1134,少年犯年齡合計,性別合計,104,1076
1135,少年犯年齡合計,男性,104,936
1136,少年犯年齡合計,女性,104,140
1137,12歲未滿,性別合計,104,0
1138,12歲未滿,男性,104,0
1139,12歲未滿,女性,104,0
1140,12－13歲未滿,性別合計,104,3
1141,12－13歲未滿,男性,104,2
1142,12－13歲未滿,女性,104,1
1143,13－14歲未滿,性別合計,104,5
1144,13－14歲未滿,男性,104,3
1145,13－14歲未滿,女性,104,2
1146,14－15歲未滿,性別合計,104,33
1147,14－15歲未滿,男性,104,26
1148,14－15歲未滿,女性,104,7
1149,15－16歲未滿,性別合計,104,91
1150,15－16歲未滿,男性,104,80
1151,15－16歲未滿,女性,104,11
1152,16－17歲未滿,性別合計,104,149
1153,16－17歲未滿,男性,104,117
1154,16－17歲未滿,女性,104,32
1155,17－18歲未滿,性別合計,104,249
1156,17－18歲未滿,男性,104,215
1157,17－18歲未滿,女性,104,34
1158,18歲以上,性別合計,104,546
1159,18歲以上,男性,104,493
1160,18歲以上,女性,104,53
1161,少年犯年齡合計,性別合計,104,1092
1162,少年犯年齡合計,男性,104,956
1163,少年犯年齡合計,女性,104,136
1164,12歲未滿,性別合計,104,0
1165,12歲未滿,男性,104,0
1166,12歲未滿,女性,104,0
1167,12－13歲未滿,性別合計,104,1
1168,12－13歲未滿,男性,104,1
1169,12－13歲未滿,女性,104,0
1170,13－14歲未滿,性別合計,104,6
1171,13－14歲未滿,男性,104,4
1172,13－14歲未滿,女性,104,2
1173,14－15歲未滿,性別合計,104,31
1174,14－15歲未滿,男性,104,23
1175,14－15歲未滿,女性,104,8
1176,15－16歲未滿,性別合計,104,91
1177,15－16歲未滿,男性,104,80
1178,15－16歲未滿,女性,104,11
1179,16－17歲未滿,性別合計,104,151
1180,16－17歲未滿,男性,104,119
1181,16－17歲未滿,女性,104,32
1182,17－18歲未滿,性別合計,104,243
1183,17－18歲未滿,男性,104,213
1184,17－18歲未滿,女性,104,30
1185,18歲以上,性別合計,104,569
1186,18歲以上,男性,104,516
1187,18歲以上,女性,104,53
1188,少年犯年齡合計,性別合計,104,1109
1189,少年犯年齡合計,男性,104,970
1190,少年犯年齡合計,女性,104,139
1191,12歲未滿,性別合計,104,0
1192,12歲未滿,男性,104,0
1193,12歲未滿,女性,104,0
1194,12－13歲未滿,性別合計,104,1
1195,12－13歲未滿,男性,104,1
1196,12－13歲未滿,女性,104,0
1197,13－14歲未滿,性別合計,104,6
1198,13－14歲未滿,男性,104,5
1199,13－14歲未滿,女性,104,1
1200,14－15歲未滿,性別合計,104,31
1201,14－15歲未滿,男性,104,22
1202,14－15歲未滿,女性,104,9
1203,15－16歲未滿,性別合計,104,94
1204,15－16歲未滿,男性,104,82
1205,15－16歲未滿,女性,104,12
1206,16－17歲未滿,性別合計,104,158
1207,16－17歲未滿,男性,104,128
1208,16－17歲未滿,女性,104,30
1209,17－18歲未滿,性別合計,104,235
1210,17－18歲未滿,男性,104,204
1211,17－18歲未滿,女性,104,31
1212,18歲以上,性別合計,104,584
1213,18歲以上,男性,104,528
1214,18歲以上,女性,104,56
1215,少年犯年齡合計,性別合計,104,1099
1216,少年犯年齡合計,男性,104,963
1217,少年犯年齡合計,女性,104,136
1218,12歲未滿,性別合計,104,0
1219,12歲未滿,男性,104,0
1220,12歲未滿,女性,104,0
1221,12－13歲未滿,性別合計,104,1
1222,12－13歲未滿,男性,104,1
1223,12－13歲未滿,女性,104,0
1224,13－14歲未滿,性別合計,104,6
1225,13－14歲未滿,男性,104,4
1226,13－14歲未滿,女性,104,2
1227,14－15歲未滿,性別合計,104,36
1228,14－15歲未滿,男性,104,28
1229,14－15歲未滿,女性,104,8
1230,15－16歲未滿,性別合計,104,94
1231,15－16歲未滿,男性,104,83
1232,15－16歲未滿,女性,104,11
1233,16－17歲未滿,性別合計,104,152
1234,16－17歲未滿,男性,104,123
1235,16－17歲未滿,女性,104,29
1236,17－18歲未滿,性別合計,104,219
1237,17－18歲未滿,男性,104,188
1238,17－18歲未滿,女性,104,31
1239,18歲以上,性別合計,104,591
1240,18歲以上,男性,104,536
1241,18歲以上,女性,104,55
1242,少年犯年齡合計,性別合計,104,1072
1243,少年犯年齡合計,男性,104,946
1244,少年犯年齡合計,女性,104,126
1245,12歲未滿,性別合計,104,0
1246,12歲未滿,男性,104,0
1247,12歲未滿,女性,104,0
1248,12－13歲未滿,性別合計,104,1
1249,12－13歲未滿,男性,104,1
1250,12－13歲未滿,女性,104,0
1251,13－14歲未滿,性別合計,104,4
1252,13－14歲未滿,男性,104,2
1253,13－14歲未滿,女性,104,2
1254,14－15歲未滿,性別合計,104,35
1255,14－15歲未滿,男性,104,29
1256,14－15歲未滿,女性,104,6
1257,15－16歲未滿,性別合計,104,92
1258,15－16歲未滿,男性,104,78
1259,15－16歲未滿,女性,104,14
1260,16－17歲未滿,性別合計,104,157
1261,16－17歲未滿,男性,104,129
1262,16－17歲未滿,女性,104,28
1263,17－18歲未滿,性別合計,104,205
1264,17－18歲未滿,男性,104,179
1265,17－18歲未滿,女性,104,26
1266,18歲以上,性別合計,104,578
1267,18歲以上,男性,104,528
1268,18歲以上,女性,104,50
1269,少年犯年齡合計,性別合計,104,1067
1270,少年犯年齡合計,男性,104,947
1271,少年犯年齡合計,女性,104,120
1272,12歲未滿,性別合計,104,0
1273,12歲未滿,男性,104,0
1274,12歲未滿,女性,104,0
1275,12－13歲未滿,性別合計,104,0
1276,12－13歲未滿,男性,104,0
1277,12－13歲未滿,女性,104,0
1278,13－14歲未滿,性別合計,104,5
1279,13－14歲未滿,男性,104,4
1280,13－14歲未滿,女性,104,1
1281,14－15歲未滿,性別合計,104,27
1282,14－15歲未滿,男性,104,21
1283,14－15歲未滿,女性,104,6
1284,15－16歲未滿,性別合計,104,96
1285,15－16歲未滿,男性,104,81
1286,15－16歲未滿,女性,104,15
1287,16－17歲未滿,性別合計,104,150
1288,16－17歲未滿,男性,104,128
1289,16－17歲未滿,女性,104,22
1290,17－18歲未滿,性別合計,104,206
1291,17－18歲未滿,男性,104,181
1292,17－18歲未滿,女性,104,25
1293,18歲以上,性別合計,104,583
1294,18歲以上,男性,104,532
1295,18歲以上,女性,104,51
1296,少年犯年齡合計,性別合計,104,1072
1297,少年犯年齡合計,男性,104,950
1298,少年犯年齡合計,女性,104,122
1299,12歲未滿,性別合計,104,0
1300,12歲未滿,男性,104,0
1301,12歲未滿,女性,104,0
1302,12－13歲未滿,性別合計,104,0
1303,12－13歲未滿,男性,104,0
1304,12－13歲未滿,女性,104,0
1305,13－14歲未滿,性別合計,104,3
1306,13－14歲未滿,男性,104,2
1307,13－14歲未滿,女性,104,1
1308,14－15歲未滿,性別合計,104,30
1309,14－15歲未滿,男性,104,24
1310,14－15歲未滿,女性,104,6
1311,15－16歲未滿,性別合計,104,91
1312,15－16歲未滿,男性,104,77
1313,15－16歲未滿,女性,104,14
1314,16－17歲未滿,性別合計,104,157
1315,16－17歲未滿,男性,104,134
1316,16－17歲未滿,女性,104,23
1317,17－18歲未滿,性別合計,104,198
1318,17－18歲未滿,男性,104,172
1319,17－18歲未滿,女性,104,26
1320,18歲以上,性別合計,104,593
1321,18歲以上,男性,104,541
1322,18歲以上,女性,104,52
1323,少年犯年齡合計,性別合計,104,1054
1324,少年犯年齡合計,男性,104,938
1325,少年犯年齡合計,女性,104,116
1326,12歲未滿,性別合計,104,0
1327,12歲未滿,男性,104,0
1328,12歲未滿,女性,104,0
1329,12－13歲未滿,性別合計,104,0
1330,12－13歲未滿,男性,104,0
1331,12－13歲未滿,女性,104,0
1332,13－14歲未滿,性別合計,104,4
1333,13－14歲未滿,男性,104,3
1334,13－14歲未滿,女性,104,1
1335,14－15歲未滿,性別合計,104,30
1336,14－15歲未滿,男性,104,25
1337,14－15歲未滿,女性,104,5
1338,15－16歲未滿,性別合計,104,95
1339,15－16歲未滿,男性,104,77
1340,15－16歲未滿,女性,104,18
1341,16－17歲未滿,性別合計,104,146
1342,16－17歲未滿,男性,104,124
1343,16－17歲未滿,女性,104,22
1344,17－18歲未滿,性別合計,104,201
1345,17－18歲未滿,男性,104,182
1346,17－18歲未滿,女性,104,19
1347,18歲以上,性別合計,104,578
1348,18歲以上,男性,104,527
1349,18歲以上,女性,104,51
1350,少年犯年齡合計,性別合計,104,1082
1351,少年犯年齡合計,男性,104,959
1352,少年犯年齡合計,女性,104,123
1353,12歲未滿,性別合計,104,0
1354,12歲未滿,男性,104,0
1355,12歲未滿,女性,104,0
1356,12－13歲未滿,性別合計,104,0
1357,12－13歲未滿,男性,104,0
1358,12－13歲未滿,女性,104,0
1359,13－14歲未滿,性別合計,104,4
1360,13－14歲未滿,男性,104,3
1361,13－14歲未滿,女性,104,1
1362,14－15歲未滿,性別合計,104,31
1363,14－15歲未滿,男性,104,25
1364,14－15歲未滿,女性,104,6
1365,15－16歲未滿,性別合計,104,106
1366,15－16歲未滿,男性,104,88
1367,15－16歲未滿,女性,104,18
1368,16－17歲未滿,性別合計,104,137
1369,16－17歲未滿,男性,104,114
1370,16－17歲未滿,女性,104,23
1371,17－18歲未滿,性別合計,104,207
1372,17－18歲未滿,男性,104,188
1373,17－18歲未滿,女性,104,19
1374,18歲以上,性別合計,104,597
1375,18歲以上,男性,104,541
1376,18歲以上,女性,104,56
1377,少年犯年齡合計,性別合計,104,1092
1378,少年犯年齡合計,男性,104,968
1379,少年犯年齡合計,女性,104,124
1380,12歲未滿,性別合計,104,0
1381,12歲未滿,男性,104,0
1382,12歲未滿,女性,104,0
1383,12－13歲未滿,性別合計,104,0
1384,12－13歲未滿,男性,104,0
1385,12－13歲未滿,女性,104,0
1386,13－14歲未滿,性別合計,104,4
1387,13－14歲未滿,男性,104,3
1388,13－14歲未滿,女性,104,1
1389,14－15歲未滿,性別合計,104,29
1390,14－15歲未滿,男性,104,22
1391,14－15歲未滿,女性,104,7
1392,15－16歲未滿,性別合計,104,114
1393,15－16歲未滿,男性,104,95
1394,15－16歲未滿,女性,104,19
1395,16－17歲未滿,性別合計,104,132
1396,16－17歲未滿,男性,104,107
1397,16－17歲未滿,女性,104,25
1398,17－18歲未滿,性別合計,104,211
1399,17－18歲未滿,男性,104,193
1400,17－18歲未滿,女性,104,18
1401,18歲以上,性別合計,104,602
1402,18歲以上,男性,104,548
1403,18歲以上,女性,104,54
1404,少年犯年齡合計,性別合計,105,1124
1405,少年犯年齡合計,男性,105,966
1406,少年犯年齡合計,女性,105,158
1407,12歲未滿,性別合計,105,0
1408,12歲未滿,男性,105,0
1409,12歲未滿,女性,105,0
1410,12－13歲未滿,性別合計,105,0
1411,12－13歲未滿,男性,105,0
1412,12－13歲未滿,女性,105,0
1413,13－14歲未滿,性別合計,105,7
1414,13－14歲未滿,男性,105,5
1415,13－14歲未滿,女性,105,2
1416,14－15歲未滿,性別合計,105,29
1417,14－15歲未滿,男性,105,26
1418,14－15歲未滿,女性,105,3
1419,15－16歲未滿,性別合計,105,89
1420,15－16歲未滿,男性,105,67
1421,15－16歲未滿,女性,105,22
1422,16－17歲未滿,性別合計,105,157
1423,16－17歲未滿,男性,105,127
1424,16－17歲未滿,女性,105,30
1425,17－18歲未滿,性別合計,105,201
1426,17－18歲未滿,男性,105,166
1427,17－18歲未滿,女性,105,35
1428,18歲以上,性別合計,105,641
1429,18歲以上,男性,105,575
1430,18歲以上,女性,105,66
1431,少年犯年齡合計,性別合計,105,1111
1432,少年犯年齡合計,男性,105,980
1433,少年犯年齡合計,女性,105,131
1434,12歲未滿,性別合計,105,0
1435,12歲未滿,男性,105,0
1436,12歲未滿,女性,105,0
1437,12－13歲未滿,性別合計,105,1
1438,12－13歲未滿,男性,105,1
1439,12－13歲未滿,女性,105,0
1440,13－14歲未滿,性別合計,105,4
1441,13－14歲未滿,男性,105,4
1442,13－14歲未滿,女性,105,0
1443,14－15歲未滿,性別合計,105,30
1444,14－15歲未滿,男性,105,24
1445,14－15歲未滿,女性,105,6
1446,15－16歲未滿,性別合計,105,110
1447,15－16歲未滿,男性,105,89
1448,15－16歲未滿,女性,105,21
1449,16－17歲未滿,性別合計,105,142
1450,16－17歲未滿,男性,105,116
1451,16－17歲未滿,女性,105,26
1452,17－18歲未滿,性別合計,105,207
1453,17－18歲未滿,男性,105,187
1454,17－18歲未滿,女性,105,20
1455,18歲以上,性別合計,105,617
1456,18歲以上,男性,105,559
1457,18歲以上,女性,105,58
1458,少年犯年齡合計,性別合計,105,1103
1459,少年犯年齡合計,男性,105,972
1460,少年犯年齡合計,女性,105,131
1461,12歲未滿,性別合計,105,0
1462,12歲未滿,男性,105,0
1463,12歲未滿,女性,105,0
1464,12－13歲未滿,性別合計,105,1
1465,12－13歲未滿,男性,105,1
1466,12－13歲未滿,女性,105,0
1467,13－14歲未滿,性別合計,105,5
1468,13－14歲未滿,男性,105,5
1469,13－14歲未滿,女性,105,0
1470,14－15歲未滿,性別合計,105,32
1471,14－15歲未滿,男性,105,25
1472,14－15歲未滿,女性,105,7
1473,15－16歲未滿,性別合計,105,106
1474,15－16歲未滿,男性,105,88
1475,15－16歲未滿,女性,105,18
1476,16－17歲未滿,性別合計,105,138
1477,16－17歲未滿,男性,105,114
1478,16－17歲未滿,女性,105,24
1479,17－18歲未滿,性別合計,105,209
1480,17－18歲未滿,男性,105,188
1481,17－18歲未滿,女性,105,21
1482,18歲以上,性別合計,105,612
1483,18歲以上,男性,105,551
1484,18歲以上,女性,105,61
1485,少年犯年齡合計,性別合計,105,1110
1486,少年犯年齡合計,男性,105,972
1487,少年犯年齡合計,女性,105,138
1488,12歲未滿,性別合計,105,0
1489,12歲未滿,男性,105,0
1490,12歲未滿,女性,105,0
1491,12－13歲未滿,性別合計,105,1
1492,12－13歲未滿,男性,105,1
1493,12－13歲未滿,女性,105,0
1494,13－14歲未滿,性別合計,105,6
1495,13－14歲未滿,男性,105,6
1496,13－14歲未滿,女性,105,0
1497,14－15歲未滿,性別合計,105,38
1498,14－15歲未滿,男性,105,29
1499,14－15歲未滿,女性,105,9
1500,15－16歲未滿,性別合計,105,101
1501,15－16歲未滿,男性,105,84
1502,15－16歲未滿,女性,105,17
1503,16－17歲未滿,性別合計,105,142
1504,16－17歲未滿,男性,105,117
1505,16－17歲未滿,女性,105,25
1506,17－18歲未滿,性別合計,105,204
1507,17－18歲未滿,男性,105,180
1508,17－18歲未滿,女性,105,24
1509,18歲以上,性別合計,105,618
1510,18歲以上,男性,105,555
1511,18歲以上,女性,105,63
1512,少年犯年齡合計,性別合計,105,1123
1513,少年犯年齡合計,男性,105,993
1514,少年犯年齡合計,女性,105,130
1515,12歲未滿,性別合計,105,0
1516,12歲未滿,男性,105,0
1517,12歲未滿,女性,105,0
1518,12－13歲未滿,性別合計,105,1
1519,12－13歲未滿,男性,105,1
1520,12－13歲未滿,女性,105,0
1521,13－14歲未滿,性別合計,105,3
1522,13－14歲未滿,男性,105,3
1523,13－14歲未滿,女性,105,0
1524,14－15歲未滿,性別合計,105,42
1525,14－15歲未滿,男性,105,33
1526,14－15歲未滿,女性,105,9
1527,15－16歲未滿,性別合計,105,103
1528,15－16歲未滿,男性,105,85
1529,15－16歲未滿,女性,105,18
1530,16－17歲未滿,性別合計,105,135
1531,16－17歲未滿,男性,105,113
1532,16－17歲未滿,女性,105,22
1533,17－18歲未滿,性別合計,105,208
1534,17－18歲未滿,男性,105,183
1535,17－18歲未滿,女性,105,25
1536,18歲以上,性別合計,105,631
1537,18歲以上,男性,105,575
1538,18歲以上,女性,105,56
1539,少年犯年齡合計,性別合計,105,1144
1540,少年犯年齡合計,男性,105,1006
1541,少年犯年齡合計,女性,105,138
1542,12歲未滿,性別合計,105,0
1543,12歲未滿,男性,105,0
1544,12歲未滿,女性,105,0
1545,12－13歲未滿,性別合計,105,1
1546,12－13歲未滿,男性,105,1
1547,12－13歲未滿,女性,105,0
1548,13－14歲未滿,性別合計,105,4
1549,13－14歲未滿,男性,105,4
1550,13－14歲未滿,女性,105,0
1551,14－15歲未滿,性別合計,105,42
1552,14－15歲未滿,男性,105,33
1553,14－15歲未滿,女性,105,9
1554,15－16歲未滿,性別合計,105,97
1555,15－16歲未滿,男性,105,78
1556,15－16歲未滿,女性,105,19
1557,16－17歲未滿,性別合計,105,146
1558,16－17歲未滿,男性,105,121
1559,16－17歲未滿,女性,105,25
1560,17－18歲未滿,性別合計,105,215
1561,17－18歲未滿,男性,105,187
1562,17－18歲未滿,女性,105,28
1563,18歲以上,性別合計,105,639
1564,18歲以上,男性,105,582
1565,18歲以上,女性,105,57
1566,少年犯年齡合計,性別合計,105,1128
1567,少年犯年齡合計,男性,105,989
1568,少年犯年齡合計,女性,105,139
1569,12歲未滿,性別合計,105,0
1570,12歲未滿,男性,105,0
1571,12歲未滿,女性,105,0
1572,12－13歲未滿,性別合計,105,1
1573,12－13歲未滿,男性,105,1
1574,12－13歲未滿,女性,105,0
1575,13－14歲未滿,性別合計,105,6
1576,13－14歲未滿,男性,105,6
1577,13－14歲未滿,女性,105,0
1578,14－15歲未滿,性別合計,105,39
1579,14－15歲未滿,男性,105,31
1580,14－15歲未滿,女性,105,8
1581,15－16歲未滿,性別合計,105,102
1582,15－16歲未滿,男性,105,79
1583,15－16歲未滿,女性,105,23
1584,16－17歲未滿,性別合計,105,138
1585,16－17歲未滿,男性,105,116
1586,16－17歲未滿,女性,105,22
1587,17－18歲未滿,性別合計,105,206
1588,17－18歲未滿,男性,105,177
1589,17－18歲未滿,女性,105,29
1590,18歲以上,性別合計,105,636
1591,18歲以上,男性,105,579
1592,18歲以上,女性,105,57
1593,少年犯年齡合計,性別合計,105,1136
1594,少年犯年齡合計,男性,105,996
1595,少年犯年齡合計,女性,105,140
1596,12歲未滿,性別合計,105,0
1597,12歲未滿,男性,105,0
1598,12歲未滿,女性,105,0
1599,12－13歲未滿,性別合計,105,1
1600,12－13歲未滿,男性,105,1
1601,12－13歲未滿,女性,105,0
1602,13－14歲未滿,性別合計,105,8
1603,13－14歲未滿,男性,105,8
1604,13－14歲未滿,女性,105,0
1605,14－15歲未滿,性別合計,105,34
1606,14－15歲未滿,男性,105,29
1607,14－15歲未滿,女性,105,5
1608,15－16歲未滿,性別合計,105,98
1609,15－16歲未滿,男性,105,76
1610,15－16歲未滿,女性,105,22
1611,16－17歲未滿,性別合計,105,152
1612,16－17歲未滿,男性,105,125
1613,16－17歲未滿,女性,105,27
1614,17－18歲未滿,性別合計,105,215
1615,17－18歲未滿,男性,105,187
1616,17－18歲未滿,女性,105,28
1617,18歲以上,性別合計,105,628
1618,18歲以上,男性,105,570
1619,18歲以上,女性,105,58
1620,少年犯年齡合計,性別合計,105,1129
1621,少年犯年齡合計,男性,105,991
1622,少年犯年齡合計,女性,105,138
1623,12歲未滿,性別合計,105,0
1624,12歲未滿,男性,105,0
1625,12歲未滿,女性,105,0
1626,12－13歲未滿,性別合計,105,1
1627,12－13歲未滿,男性,105,1
1628,12－13歲未滿,女性,105,0
1629,13－14歲未滿,性別合計,105,9
1630,13－14歲未滿,男性,105,8
1631,13－14歲未滿,女性,105,1
1632,14－15歲未滿,性別合計,105,32
1633,14－15歲未滿,男性,105,27
1634,14－15歲未滿,女性,105,5
1635,15－16歲未滿,性別合計,105,89
1636,15－16歲未滿,男性,105,69
1637,15－16歲未滿,女性,105,20
1638,16－17歲未滿,性別合計,105,156
1639,16－17歲未滿,男性,105,128
1640,16－17歲未滿,女性,105,28
1641,17－18歲未滿,性別合計,105,209
1642,17－18歲未滿,男性,105,182
1643,17－18歲未滿,女性,105,27
1644,18歲以上,性別合計,105,633
1645,18歲以上,男性,105,576
1646,18歲以上,女性,105,57
1647,少年犯年齡合計,性別合計,105,1132
1648,少年犯年齡合計,男性,105,991
1649,少年犯年齡合計,女性,105,141
1650,12歲未滿,性別合計,105,0
1651,12歲未滿,男性,105,0
1652,12歲未滿,女性,105,0
1653,12－13歲未滿,性別合計,105,0
1654,12－13歲未滿,男性,105,0
1655,12－13歲未滿,女性,105,0
1656,13－14歲未滿,性別合計,105,9
1657,13－14歲未滿,男性,105,8
1658,13－14歲未滿,女性,105,1
1659,14－15歲未滿,性別合計,105,32
1660,14－15歲未滿,男性,105,27
1661,14－15歲未滿,女性,105,5
1662,15－16歲未滿,性別合計,105,89
1663,15－16歲未滿,男性,105,71
1664,15－16歲未滿,女性,105,18
1665,16－17歲未滿,性別合計,105,154
1666,16－17歲未滿,男性,105,123
1667,16－17歲未滿,女性,105,31
1668,17－18歲未滿,性別合計,105,212
1669,17－18歲未滿,男性,105,185
1670,17－18歲未滿,女性,105,27
1671,18歲以上,性別合計,105,636
1672,18歲以上,男性,105,577
1673,18歲以上,女性,105,59
1674,少年犯年齡合計,性別合計,105,1115
1675,少年犯年齡合計,男性,105,969
1676,少年犯年齡合計,女性,105,146
1677,12歲未滿,性別合計,105,0
1678,12歲未滿,男性,105,0
1679,12歲未滿,女性,105,0
1680,12－13歲未滿,性別合計,105,0
1681,12－13歲未滿,男性,105,0
1682,12－13歲未滿,女性,105,0
1683,13－14歲未滿,性別合計,105,9
1684,13－14歲未滿,男性,105,8
1685,13－14歲未滿,女性,105,1
1686,14－15歲未滿,性別合計,105,29
1687,14－15歲未滿,男性,105,26
1688,14－15歲未滿,女性,105,3
1689,15－16歲未滿,性別合計,105,94
1690,15－16歲未滿,男性,105,73
1691,15－16歲未滿,女性,105,21
1692,16－17歲未滿,性別合計,105,152
1693,16－17歲未滿,男性,105,121
1694,16－17歲未滿,女性,105,31
1695,17－18歲未滿,性別合計,105,196
1696,17－18歲未滿,男性,105,168
1697,17－18歲未滿,女性,105,28
1698,18歲以上,性別合計,105,635
1699,18歲以上,男性,105,573
1700,18歲以上,女性,105,62
1701,少年犯年齡合計,性別合計,105,1116
1702,少年犯年齡合計,男性,105,965
1703,少年犯年齡合計,女性,105,151
1704,12歲未滿,性別合計,105,0
1705,12歲未滿,男性,105,0
1706,12歲未滿,女性,105,0
1707,12－13歲未滿,性別合計,105,0
1708,12－13歲未滿,男性,105,0
1709,12－13歲未滿,女性,105,0
1710,13－14歲未滿,性別合計,105,7
1711,13－14歲未滿,男性,105,5
1712,13－14歲未滿,女性,105,2
1713,14－15歲未滿,性別合計,105,27
1714,14－15歲未滿,男性,105,25
1715,14－15歲未滿,女性,105,2
1716,15－16歲未滿,性別合計,105,95
1717,15－16歲未滿,男性,105,72
1718,15－16歲未滿,女性,105,23
1719,16－17歲未滿,性別合計,105,158
1720,16－17歲未滿,男性,105,125
1721,16－17歲未滿,女性,105,33
1722,17－18歲未滿,性別合計,105,201
1723,17－18歲未滿,男性,105,171
1724,17－18歲未滿,女性,105,30
1725,18歲以上,性別合計,105,628
1726,18歲以上,男性,105,567
1727,18歲以上,女性,105,61
1728,少年犯年齡合計,性別合計,105,1124
1729,少年犯年齡合計,男性,105,966
1730,少年犯年齡合計,女性,105,158
1731,12歲未滿,性別合計,105,0
1732,12歲未滿,男性,105,0
1733,12歲未滿,女性,105,0
1734,12－13歲未滿,性別合計,105,0
1735,12－13歲未滿,男性,105,0
1736,12－13歲未滿,女性,105,0
1737,13－14歲未滿,性別合計,105,7
1738,13－14歲未滿,男性,105,5
1739,13－14歲未滿,女性,105,2
1740,14－15歲未滿,性別合計,105,29
1741,14－15歲未滿,男性,105,26
1742,14－15歲未滿,女性,105,3
1743,15－16歲未滿,性別合計,105,89
1744,15－16歲未滿,男性,105,67
1745,15－16歲未滿,女性,105,22
1746,16－17歲未滿,性別合計,105,157
1747,16－17歲未滿,男性,105,127
1748,16－17歲未滿,女性,105,30
1749,17－18歲未滿,性別合計,105,201
1750,17－18歲未滿,男性,105,166
1751,17－18歲未滿,女性,105,35
1752,18歲以上,性別合計,105,641
1753,18歲以上,男性,105,575
1754,18歲以上,女性,105,66
1755,少年犯年齡合計,性別合計,106,1064
1756,少年犯年齡合計,男性,106,909
1757,少年犯年齡合計,女性,106,155
1758,12歲未滿,性別合計,106,0
1759,12歲未滿,男性,106,0
1760,12歲未滿,女性,106,0
1761,12－13歲未滿,性別合計,106,1
1762,12－13歲未滿,男性,106,1
1763,12－13歲未滿,女性,106,0
1764,13－14歲未滿,性別合計,106,4
1765,13－14歲未滿,男性,106,3
1766,13－14歲未滿,女性,106,1
1767,14－15歲未滿,性別合計,106,33
1768,14－15歲未滿,男性,106,27
1769,14－15歲未滿,女性,106,6
1770,15－16歲未滿,性別合計,106,76
1771,15－16歲未滿,男性,106,59
1772,15－16歲未滿,女性,106,17
1773,16－17歲未滿,性別合計,106,144
1774,16－17歲未滿,男性,106,122
1775,16－17歲未滿,女性,106,22
1776,17－18歲未滿,性別合計,106,223
1777,17－18歲未滿,男性,106,193
1778,17－18歲未滿,女性,106,30
1779,18歲以上,性別合計,106,583
1780,18歲以上,男性,106,504
1781,18歲以上,女性,106,79
1782,少年犯年齡合計,性別合計,106,1073
1783,少年犯年齡合計,男性,106,922
1784,少年犯年齡合計,女性,106,151
1785,12歲未滿,性別合計,106,0
1786,12歲未滿,男性,106,0
1787,12歲未滿,女性,106,0
1788,12－13歲未滿,性別合計,106,0
1789,12－13歲未滿,男性,106,0
1790,12－13歲未滿,女性,106,0
1791,13－14歲未滿,性別合計,106,11
1792,13－14歲未滿,男性,106,9
1793,13－14歲未滿,女性,106,2
1794,14－15歲未滿,性別合計,106,29
1795,14－15歲未滿,男性,106,27
1796,14－15歲未滿,女性,106,2
1797,15－16歲未滿,性別合計,106,78
1798,15－16歲未滿,男性,106,59
1799,15－16歲未滿,女性,106,19
1800,16－17歲未滿,性別合計,106,166
1801,16－17歲未滿,男性,106,134
1802,16－17歲未滿,女性,106,32
1803,17－18歲未滿,性別合計,106,189
1804,17－18歲未滿,男性,106,156
1805,17－18歲未滿,女性,106,33
1806,18歲以上,性別合計,106,600
1807,18歲以上,男性,106,537
1808,18歲以上,女性,106,63
1809,少年犯年齡合計,性別合計,106,1080
1810,少年犯年齡合計,男性,106,929
1811,少年犯年齡合計,女性,106,151
1812,12歲未滿,性別合計,106,0
1813,12歲未滿,男性,106,0
1814,12歲未滿,女性,106,0
1815,12－13歲未滿,性別合計,106,0
1816,12－13歲未滿,男性,106,0
1817,12－13歲未滿,女性,106,0
1818,13－14歲未滿,性別合計,106,11
1819,13－14歲未滿,男性,106,9
1820,13－14歲未滿,女性,106,2
1821,14－15歲未滿,性別合計,106,28
1822,14－15歲未滿,男性,106,26
1823,14－15歲未滿,女性,106,2
1824,15－16歲未滿,性別合計,106,82
1825,15－16歲未滿,男性,106,64
1826,15－16歲未滿,女性,106,18
1827,16－17歲未滿,性別合計,106,161
1828,16－17歲未滿,男性,106,131
1829,16－17歲未滿,女性,106,30
1830,17－18歲未滿,性別合計,106,198
1831,17－18歲未滿,男性,106,163
1832,17－18歲未滿,女性,106,35
1833,18歲以上,性別合計,106,600
1834,18歲以上,男性,106,536
1835,18歲以上,女性,106,64
1836,少年犯年齡合計,性別合計,106,1067
1837,少年犯年齡合計,男性,106,920
1838,少年犯年齡合計,女性,106,147
1839,12歲未滿,性別合計,106,0
1840,12歲未滿,男性,106,0
1841,12歲未滿,女性,106,0
1842,12－13歲未滿,性別合計,106,0
1843,12－13歲未滿,男性,106,0
1844,12－13歲未滿,女性,106,0
1845,13－14歲未滿,性別合計,106,11
1846,13－14歲未滿,男性,106,8
1847,13－14歲未滿,女性,106,3
1848,14－15歲未滿,性別合計,106,30
1849,14－15歲未滿,男性,106,27
1850,14－15歲未滿,女性,106,3
1851,15－16歲未滿,性別合計,106,77
1852,15－16歲未滿,男性,106,60
1853,15－16歲未滿,女性,106,17
1854,16－17歲未滿,性別合計,106,152
1855,16－17歲未滿,男性,106,127
1856,16－17歲未滿,女性,106,25
1857,17－18歲未滿,性別合計,106,209
1858,17－18歲未滿,男性,106,178
1859,17－18歲未滿,女性,106,31
1860,18歲以上,性別合計,106,588
1861,18歲以上,男性,106,520
1862,18歲以上,女性,106,68
1863,少年犯年齡合計,性別合計,106,1069
1864,少年犯年齡合計,男性,106,915
1865,少年犯年齡合計,女性,106,154
1866,12歲未滿,性別合計,106,0
1867,12歲未滿,男性,106,0
1868,12歲未滿,女性,106,0
1869,12－13歲未滿,性別合計,106,0
1870,12－13歲未滿,男性,106,0
1871,12－13歲未滿,女性,106,0
1872,13－14歲未滿,性別合計,106,10
1873,13－14歲未滿,男性,106,7
1874,13－14歲未滿,女性,106,3
1875,14－15歲未滿,性別合計,106,23
1876,14－15歲未滿,男性,106,21
1877,14－15歲未滿,女性,106,2
1878,15－16歲未滿,性別合計,106,81
1879,15－16歲未滿,男性,106,62
1880,15－16歲未滿,女性,106,19
1881,16－17歲未滿,性別合計,106,151
1882,16－17歲未滿,男性,106,125
1883,16－17歲未滿,女性,106,26
1884,17－18歲未滿,性別合計,106,216
1885,17－18歲未滿,男性,106,183
1886,17－18歲未滿,女性,106,33
1887,18歲以上,性別合計,106,588
1888,18歲以上,男性,106,517
1889,18歲以上,女性,106,71
1890,少年犯年齡合計,性別合計,106,1095
1891,少年犯年齡合計,男性,106,933
1892,少年犯年齡合計,女性,106,162
1893,12歲未滿,性別合計,106,0
1894,12歲未滿,男性,106,0
1895,12歲未滿,女性,106,0
1896,12－13歲未滿,性別合計,106,0
1897,12－13歲未滿,男性,106,0
1898,12－13歲未滿,女性,106,0
1899,13－14歲未滿,性別合計,106,8
1900,13－14歲未滿,男性,106,6
1901,13－14歲未滿,女性,106,2
1902,14－15歲未滿,性別合計,106,25
1903,14－15歲未滿,男性,106,22
1904,14－15歲未滿,女性,106,3
1905,15－16歲未滿,性別合計,106,92
1906,15－16歲未滿,男性,106,70
1907,15－16歲未滿,女性,106,22
1908,16－17歲未滿,性別合計,106,153
1909,16－17歲未滿,男性,106,127
1910,16－17歲未滿,女性,106,26
1911,17－18歲未滿,性別合計,106,212
1912,17－18歲未滿,男性,106,184
1913,17－18歲未滿,女性,106,28
1914,18歲以上,性別合計,106,605
1915,18歲以上,男性,106,524
1916,18歲以上,女性,106,81
1917,少年犯年齡合計,性別合計,106,1053
1918,少年犯年齡合計,男性,106,896
1919,少年犯年齡合計,女性,106,157
1920,12歲未滿,性別合計,106,0
1921,12歲未滿,男性,106,0
1922,12歲未滿,女性,106,0
1923,12－13歲未滿,性別合計,106,0
1924,12－13歲未滿,男性,106,0
1925,12－13歲未滿,女性,106,0
1926,13－14歲未滿,性別合計,106,6
1927,13－14歲未滿,男性,106,4
1928,13－14歲未滿,女性,106,2
1929,14－15歲未滿,性別合計,106,23
1930,14－15歲未滿,男性,106,20
1931,14－15歲未滿,女性,106,3
1932,15－16歲未滿,性別合計,106,86
1933,15－16歲未滿,男性,106,68
1934,15－16歲未滿,女性,106,18
1935,16－17歲未滿,性別合計,106,147
1936,16－17歲未滿,男性,106,122
1937,16－17歲未滿,女性,106,25
1938,17－18歲未滿,性別合計,106,202
1939,17－18歲未滿,男性,106,172
1940,17－18歲未滿,女性,106,30
1941,18歲以上,性別合計,106,589
1942,18歲以上,男性,106,510
1943,18歲以上,女性,106,79
1944,少年犯年齡合計,性別合計,106,1031
1945,少年犯年齡合計,男性,106,882
1946,少年犯年齡合計,女性,106,149
1947,12歲未滿,性別合計,106,0
1948,12歲未滿,男性,106,0
1949,12歲未滿,女性,106,0
1950,12－13歲未滿,性別合計,106,0
1951,12－13歲未滿,男性,106,0
1952,12－13歲未滿,女性,106,0
1953,13－14歲未滿,性別合計,106,7
1954,13－14歲未滿,男性,106,4
1955,13－14歲未滿,女性,106,3
1956,14－15歲未滿,性別合計,106,24
1957,14－15歲未滿,男性,106,21
1958,14－15歲未滿,女性,106,3
1959,15－16歲未滿,性別合計,106,79
1960,15－16歲未滿,男性,106,65
1961,15－16歲未滿,女性,106,14
1962,16－17歲未滿,性別合計,106,144
1963,16－17歲未滿,男性,106,121
1964,16－17歲未滿,女性,106,23
1965,17－18歲未滿,性別合計,106,192
1966,17－18歲未滿,男性,106,162
1967,17－18歲未滿,女性,106,30
1968,18歲以上,性別合計,106,585
1969,18歲以上,男性,106,509
1970,18歲以上,女性,106,76
1971,少年犯年齡合計,性別合計,106,1048
1972,少年犯年齡合計,男性,106,896
1973,少年犯年齡合計,女性,106,152
1974,12歲未滿,性別合計,106,0
1975,12歲未滿,男性,106,0
1976,12歲未滿,女性,106,0
1977,12－13歲未滿,性別合計,106,0
1978,12－13歲未滿,男性,106,0
1979,12－13歲未滿,女性,106,0
1980,13－14歲未滿,性別合計,106,6
1981,13－14歲未滿,男性,106,5
1982,13－14歲未滿,女性,106,1
1983,14－15歲未滿,性別合計,106,28
1984,14－15歲未滿,男性,106,22
1985,14－15歲未滿,女性,106,6
1986,15－16歲未滿,性別合計,106,81
1987,15－16歲未滿,男性,106,66
1988,15－16歲未滿,女性,106,15
1989,16－17歲未滿,性別合計,106,132
1990,16－17歲未滿,男性,106,111
1991,16－17歲未滿,女性,106,21
1992,17－18歲未滿,性別合計,106,209
1993,17－18歲未滿,男性,106,175
1994,17－18歲未滿,女性,106,34
1995,18歲以上,性別合計,106,592
1996,18歲以上,男性,106,517
1997,18歲以上,女性,106,75
1998,少年犯年齡合計,性別合計,106,1072
1999,少年犯年齡合計,男性,106,914
2000,少年犯年齡合計,女性,106,158
2001,12歲未滿,性別合計,106,0
2002,12歲未滿,男性,106,0
2003,12歲未滿,女性,106,0
2004,12－13歲未滿,性別合計,106,0
2005,12－13歲未滿,男性,106,0
2006,12－13歲未滿,女性,106,0
2007,13－14歲未滿,性別合計,106,5
2008,13－14歲未滿,男性,106,4
2009,13－14歲未滿,女性,106,1
2010,14－15歲未滿,性別合計,106,31
2011,14－15歲未滿,男性,106,25
2012,14－15歲未滿,女性,106,6
2013,15－16歲未滿,性別合計,106,79
2014,15－16歲未滿,男性,106,63
2015,15－16歲未滿,女性,106,16
2016,16－17歲未滿,性別合計,106,140
2017,16－17歲未滿,男性,106,117
2018,16－17歲未滿,女性,106,23
2019,17－18歲未滿,性別合計,106,219
2020,17－18歲未滿,男性,106,185
2021,17－18歲未滿,女性,106,34
2022,18歲以上,性別合計,106,598
2023,18歲以上,男性,106,520
2024,18歲以上,女性,106,78
2025,少年犯年齡合計,性別合計,106,1092
2026,少年犯年齡合計,男性,106,935
2027,少年犯年齡合計,女性,106,157
2028,12歲未滿,性別合計,106,0
2029,12歲未滿,男性,106,0
2030,12歲未滿,女性,106,0
2031,12－13歲未滿,性別合計,106,0
2032,12－13歲未滿,男性,106,0
2033,12－13歲未滿,女性,106,0
2034,13－14歲未滿,性別合計,106,5
2035,13－14歲未滿,男性,106,5
2036,13－14歲未滿,女性,106,0
2037,14－15歲未滿,性別合計,106,33
2038,14－15歲未滿,男性,106,26
2039,14－15歲未滿,女性,106,7
2040,15－16歲未滿,性別合計,106,81
2041,15－16歲未滿,男性,106,66
2042,15－16歲未滿,女性,106,15
2043,16－17歲未滿,性別合計,106,152
2044,16－17歲未滿,男性,106,126
2045,16－17歲未滿,女性,106,26
2046,17－18歲未滿,性別合計,106,211
2047,17－18歲未滿,男性,106,180
2048,17－18歲未滿,女性,106,31
2049,18歲以上,性別合計,106,610
2050,18歲以上,男性,106,532
2051,18歲以上,女性,106,78
2052,少年犯年齡合計,性別合計,106,1091
2053,少年犯年齡合計,男性,106,930
2054,少年犯年齡合計,女性,106,161
2055,12歲未滿,性別合計,106,0
2056,12歲未滿,男性,106,0
2057,12歲未滿,女性,106,0
2058,12－13歲未滿,性別合計,106,0
2059,12－13歲未滿,男性,106,0
2060,12－13歲未滿,女性,106,0
2061,13－14歲未滿,性別合計,106,5
2062,13－14歲未滿,男性,106,5
2063,13－14歲未滿,女性,106,0
2064,14－15歲未滿,性別合計,106,36
2065,14－15歲未滿,男性,106,28
2066,14－15歲未滿,女性,106,8
2067,15－16歲未滿,性別合計,106,79
2068,15－16歲未滿,男性,106,63
2069,15－16歲未滿,女性,106,16
2070,16－17歲未滿,性別合計,106,149
2071,16－17歲未滿,男性,106,123
2072,16－17歲未滿,女性,106,26
2073,17－18歲未滿,性別合計,106,219
2074,17－18歲未滿,男性,106,186
2075,17－18歲未滿,女性,106,33
2076,18歲以上,性別合計,106,603
2077,18歲以上,男性,106,525
2078,18歲以上,女性,106,78
2079,少年犯年齡合計,性別合計,106,1064
2080,少年犯年齡合計,男性,106,909
2081,少年犯年齡合計,女性,106,155
2082,12歲未滿,性別合計,106,0
2083,12歲未滿,男性,106,0
2084,12歲未滿,女性,106,0
2085,12－13歲未滿,性別合計,106,1
2086,12－13歲未滿,男性,106,1
2087,12－13歲未滿,女性,106,0
2088,13－14歲未滿,性別合計,106,4
2089,13－14歲未滿,男性,106,3
2090,13－14歲未滿,女性,106,1
2091,14－15歲未滿,性別合計,106,33
2092,14－15歲未滿,男性,106,27
2093,14－15歲未滿,女性,106,6
2094,15－16歲未滿,性別合計,106,76
2095,15－16歲未滿,男性,106,59
2096,15－16歲未滿,女性,106,17
2097,16－17歲未滿,性別合計,106,144
2098,16－17歲未滿,男性,106,122
2099,16－17歲未滿,女性,106,22
2100,17－18歲未滿,性別合計,106,223
2101,17－18歲未滿,男性,106,193
2102,17－18歲未滿,女性,106,30
2103,18歲以上,性別合計,106,583
2104,18歲以上,男性,106,504
2105,18歲以上,女性,106,79
2106,少年犯年齡合計,性別合計,107,791
2107,少年犯年齡合計,男性,107,696
2108,少年犯年齡合計,女性,107,95
2109,12歲未滿,性別合計,107,0
2110,12歲未滿,男性,107,0
2111,12歲未滿,女性,107,0
2112,12－13歲未滿,性別合計,107,0
2113,12－13歲未滿,男性,107,0
2114,12－13歲未滿,女性,107,0
2115,13－14歲未滿,性別合計,107,3
2116,13－14歲未滿,男性,107,3
2117,13－14歲未滿,女性,107,0
2118,14－15歲未滿,性別合計,107,19
2119,14－15歲未滿,男性,107,17
2120,14－15歲未滿,女性,107,2
2121,15－16歲未滿,性別合計,107,51
2122,15－16歲未滿,男性,107,39
2123,15－16歲未滿,女性,107,12
2124,16－17歲未滿,性別合計,107,98
2125,16－17歲未滿,男性,107,83
2126,16－17歲未滿,女性,107,15
2127,17－18歲未滿,性別合計,107,164
2128,17－18歲未滿,男性,107,142
2129,17－18歲未滿,女性,107,22
2130,18歲以上,性別合計,107,456
2131,18歲以上,男性,107,412
2132,18歲以上,女性,107,44
2133,少年犯年齡合計,性別合計,107,1047
2134,少年犯年齡合計,男性,107,905
2135,少年犯年齡合計,女性,107,142
2136,12歲未滿,性別合計,107,0
2137,12歲未滿,男性,107,0
2138,12歲未滿,女性,107,0
2139,12－13歲未滿,性別合計,107,1
2140,12－13歲未滿,男性,107,1
2141,12－13歲未滿,女性,107,0
2142,13－14歲未滿,性別合計,107,5
2143,13－14歲未滿,男性,107,4
2144,13－14歲未滿,女性,107,1
2145,14－15歲未滿,性別合計,107,31
2146,14－15歲未滿,男性,107,23
2147,14－15歲未滿,女性,107,8
2148,15－16歲未滿,性別合計,107,80
2149,15－16歲未滿,男性,107,65
2150,15－16歲未滿,女性,107,15
2151,16－17歲未滿,性別合計,107,144
2152,16－17歲未滿,男性,107,120
2153,16－17歲未滿,女性,107,24
2154,17－18歲未滿,性別合計,107,224
2155,17－18歲未滿,男性,107,198
2156,17－18歲未滿,女性,107,26
2157,18歲以上,性別合計,107,562
2158,18歲以上,男性,107,494
2159,18歲以上,女性,107,68
2160,少年犯年齡合計,性別合計,107,990
2161,少年犯年齡合計,男性,107,855
2162,少年犯年齡合計,女性,107,135
2163,12歲未滿,性別合計,107,0
2164,12歲未滿,男性,107,0
2165,12歲未滿,女性,107,0
2166,12－13歲未滿,性別合計,107,1
2167,12－13歲未滿,男性,107,1
2168,12－13歲未滿,女性,107,0
2169,13－14歲未滿,性別合計,107,6
2170,13－14歲未滿,男性,107,5
2171,13－14歲未滿,女性,107,1
2172,14－15歲未滿,性別合計,107,28
2173,14－15歲未滿,男性,107,20
2174,14－15歲未滿,女性,107,8
2175,15－16歲未滿,性別合計,107,80
2176,15－16歲未滿,男性,107,66
2177,15－16歲未滿,女性,107,14
2178,16－17歲未滿,性別合計,107,136
2179,16－17歲未滿,男性,107,114
2180,16－17歲未滿,女性,107,22
2181,17－18歲未滿,性別合計,107,200
2182,17－18歲未滿,男性,107,174
2183,17－18歲未滿,女性,107,26
2184,18歲以上,性別合計,107,539
2185,18歲以上,男性,107,475
2186,18歲以上,女性,107,64
2187,少年犯年齡合計,性別合計,107,974
2188,少年犯年齡合計,男性,107,851
2189,少年犯年齡合計,女性,107,123
2190,12歲未滿,性別合計,107,0
2191,12歲未滿,男性,107,0
2192,12歲未滿,女性,107,0
2193,12－13歲未滿,性別合計,107,1
2194,12－13歲未滿,男性,107,1
2195,12－13歲未滿,女性,107,0
2196,13－14歲未滿,性別合計,107,3
2197,13－14歲未滿,男性,107,3
2198,13－14歲未滿,女性,107,0
2199,14－15歲未滿,性別合計,107,30
2200,14－15歲未滿,男性,107,22
2201,14－15歲未滿,女性,107,8
2202,15－16歲未滿,性別合計,107,73
2203,15－16歲未滿,男性,107,60
2204,15－16歲未滿,女性,107,13
2205,16－17歲未滿,性別合計,107,140
2206,16－17歲未滿,男性,107,119
2207,16－17歲未滿,女性,107,21
2208,17－18歲未滿,性別合計,107,192
2209,17－18歲未滿,男性,107,169
2210,17－18歲未滿,女性,107,23
2211,18歲以上,性別合計,107,535
2212,18歲以上,男性,107,477
2213,18歲以上,女性,107,58
2214,少年犯年齡合計,性別合計,107,963
2215,少年犯年齡合計,男性,107,840
2216,少年犯年齡合計,女性,107,123
2217,12歲未滿,性別合計,107,0
2218,12歲未滿,男性,107,0
2219,12歲未滿,女性,107,0
2220,12－13歲未滿,性別合計,107,1
2221,12－13歲未滿,男性,107,1
2222,12－13歲未滿,女性,107,0
2223,13－14歲未滿,性別合計,107,3
2224,13－14歲未滿,男性,107,2
2225,13－14歲未滿,女性,107,1
2226,14－15歲未滿,性別合計,107,28
2227,14－15歲未滿,男性,107,21
2228,14－15歲未滿,女性,107,7
2229,15－16歲未滿,性別合計,107,71
2230,15－16歲未滿,男性,107,58
2231,15－16歲未滿,女性,107,13
2232,16－17歲未滿,性別合計,107,133
2233,16－17歲未滿,男性,107,114
2234,16－17歲未滿,女性,107,19
2235,17－18歲未滿,性別合計,107,186
2236,17－18歲未滿,男性,107,161
2237,17－18歲未滿,女性,107,25
2238,18歲以上,性別合計,107,541
2239,18歲以上,男性,107,483
2240,18歲以上,女性,107,58
2241,少年犯年齡合計,性別合計,107,941
2242,少年犯年齡合計,男性,107,830
2243,少年犯年齡合計,女性,107,111
2244,12歲未滿,性別合計,107,0
2245,12歲未滿,男性,107,0
2246,12歲未滿,女性,107,0
2247,12－13歲未滿,性別合計,107,0
2248,12－13歲未滿,男性,107,0
2249,12－13歲未滿,女性,107,0
2250,13－14歲未滿,性別合計,107,4
2251,13－14歲未滿,男性,107,3
2252,13－14歲未滿,女性,107,1
2253,14－15歲未滿,性別合計,107,25
2254,14－15歲未滿,男性,107,20
2255,14－15歲未滿,女性,107,5
2256,15－16歲未滿,性別合計,107,64
2257,15－16歲未滿,男性,107,52
2258,15－16歲未滿,女性,107,12
2259,16－17歲未滿,性別合計,107,137
2260,16－17歲未滿,男性,107,117
2261,16－17歲未滿,女性,107,20
2262,17－18歲未滿,性別合計,107,190
2263,17－18歲未滿,男性,107,165
2264,17－18歲未滿,女性,107,25
2265,18歲以上,性別合計,107,521
2266,18歲以上,男性,107,473
2267,18歲以上,女性,107,48
2268,少年犯年齡合計,性別合計,107,935
2269,少年犯年齡合計,男性,107,824
2270,少年犯年齡合計,女性,107,111
2271,12歲未滿,性別合計,107,0
2272,12歲未滿,男性,107,0
2273,12歲未滿,女性,107,0
2274,12－13歲未滿,性別合計,107,0
2275,12－13歲未滿,男性,107,0
2276,12－13歲未滿,女性,107,0
2277,13－14歲未滿,性別合計,107,3
2278,13－14歲未滿,男性,107,3
2279,13－14歲未滿,女性,107,0
2280,14－15歲未滿,性別合計,107,27
2281,14－15歲未滿,男性,107,21
2282,14－15歲未滿,女性,107,6
2283,15－16歲未滿,性別合計,107,65
2284,15－16歲未滿,男性,107,52
2285,15－16歲未滿,女性,107,13
2286,16－17歲未滿,性別合計,107,137
2287,16－17歲未滿,男性,107,115
2288,16－17歲未滿,女性,107,22
2289,17－18歲未滿,性別合計,107,177
2290,17－18歲未滿,男性,107,152
2291,17－18歲未滿,女性,107,25
2292,18歲以上,性別合計,107,526
2293,18歲以上,男性,107,481
2294,18歲以上,女性,107,45
2295,少年犯年齡合計,性別合計,107,896
2296,少年犯年齡合計,男性,107,791
2297,少年犯年齡合計,女性,107,105
2298,12歲未滿,性別合計,107,0
2299,12歲未滿,男性,107,0
2300,12歲未滿,女性,107,0
2301,12－13歲未滿,性別合計,107,0
2302,12－13歲未滿,男性,107,0
2303,12－13歲未滿,女性,107,0
2304,13－14歲未滿,性別合計,107,2
2305,13－14歲未滿,男性,107,2
2306,13－14歲未滿,女性,107,0
2307,14－15歲未滿,性別合計,107,25
2308,14－15歲未滿,男性,107,19
2309,14－15歲未滿,女性,107,6
2310,15－16歲未滿,性別合計,107,65
2311,15－16歲未滿,男性,107,52
2312,15－16歲未滿,女性,107,13
2313,16－17歲未滿,性別合計,107,133
2314,16－17歲未滿,男性,107,114
2315,16－17歲未滿,女性,107,19
2316,17－18歲未滿,性別合計,107,168
2317,17－18歲未滿,男性,107,142
2318,17－18歲未滿,女性,107,26
2319,18歲以上,性別合計,107,503
2320,18歲以上,男性,107,462
2321,18歲以上,女性,107,41
2322,少年犯年齡合計,性別合計,107,874
2323,少年犯年齡合計,男性,107,771
2324,少年犯年齡合計,女性,107,103
2325,12歲未滿,性別合計,107,0
2326,12歲未滿,男性,107,0
2327,12歲未滿,女性,107,0
2328,12－13歲未滿,性別合計,107,0
2329,12－13歲未滿,男性,107,0
2330,12－13歲未滿,女性,107,0
2331,13－14歲未滿,性別合計,107,3
2332,13－14歲未滿,男性,107,3
2333,13－14歲未滿,女性,107,0
2334,14－15歲未滿,性別合計,107,19
2335,14－15歲未滿,男性,107,16
2336,14－15歲未滿,女性,107,3
2337,15－16歲未滿,性別合計,107,62
2338,15－16歲未滿,男性,107,47
2339,15－16歲未滿,女性,107,15
2340,16－17歲未滿,性別合計,107,135
2341,16－17歲未滿,男性,107,117
2342,16－17歲未滿,女性,107,18
2343,17－18歲未滿,性別合計,107,163
2344,17－18歲未滿,男性,107,137
2345,17－18歲未滿,女性,107,26
2346,18歲以上,性別合計,107,492
2347,18歲以上,男性,107,451
2348,18歲以上,女性,107,41
2349,少年犯年齡合計,性別合計,107,850
2350,少年犯年齡合計,男性,107,745
2351,少年犯年齡合計,女性,107,105
2352,12歲未滿,性別合計,107,0
2353,12歲未滿,男性,107,0
2354,12歲未滿,女性,107,0
2355,12－13歲未滿,性別合計,107,0
2356,12－13歲未滿,男性,107,0
2357,12－13歲未滿,女性,107,0
2358,13－14歲未滿,性別合計,107,4
2359,13－14歲未滿,男性,107,4
2360,13－14歲未滿,女性,107,0
2361,14－15歲未滿,性別合計,107,20
2362,14－15歲未滿,男性,107,17
2363,14－15歲未滿,女性,107,3
2364,15－16歲未滿,性別合計,107,56
2365,15－16歲未滿,男性,107,45
2366,15－16歲未滿,女性,107,11
2367,16－17歲未滿,性別合計,107,127
2368,16－17歲未滿,男性,107,107
2369,16－17歲未滿,女性,107,20
2370,17－18歲未滿,性別合計,107,160
2371,17－18歲未滿,男性,107,134
2372,17－18歲未滿,女性,107,26
2373,18歲以上,性別合計,107,483
2374,18歲以上,男性,107,438
2375,18歲以上,女性,107,45
2376,少年犯年齡合計,性別合計,107,832
2377,少年犯年齡合計,男性,107,732
2378,少年犯年齡合計,女性,107,100
2379,12歲未滿,性別合計,107,0
2380,12歲未滿,男性,107,0
2381,12歲未滿,女性,107,0
2382,12－13歲未滿,性別合計,107,0
2383,12－13歲未滿,男性,107,0
2384,12－13歲未滿,女性,107,0
2385,13－14歲未滿,性別合計,107,4
2386,13－14歲未滿,男性,107,4
2387,13－14歲未滿,女性,107,0
2388,14－15歲未滿,性別合計,107,20
2389,14－15歲未滿,男性,107,18
2390,14－15歲未滿,女性,107,2
2391,15－16歲未滿,性別合計,107,54
2392,15－16歲未滿,男性,107,41
2393,15－16歲未滿,女性,107,13
2394,16－17歲未滿,性別合計,107,108
2395,16－17歲未滿,男性,107,92
2396,16－17歲未滿,女性,107,16
2397,17－18歲未滿,性別合計,107,166
2398,17－18歲未滿,男性,107,143
2399,17－18歲未滿,女性,107,23
2400,18歲以上,性別合計,107,480
2401,18歲以上,男性,107,434
2402,18歲以上,女性,107,46
2403,少年犯年齡合計,性別合計,107,796
2404,少年犯年齡合計,男性,107,703
2405,少年犯年齡合計,女性,107,93
2406,12歲未滿,性別合計,107,0
2407,12歲未滿,男性,107,0
2408,12歲未滿,女性,107,0
2409,12－13歲未滿,性別合計,107,0
2410,12－13歲未滿,男性,107,0
2411,12－13歲未滿,女性,107,0
2412,13－14歲未滿,性別合計,107,3
2413,13－14歲未滿,男性,107,3
2414,13－14歲未滿,女性,107,0
2415,14－15歲未滿,性別合計,107,22
2416,14－15歲未滿,男性,107,20
2417,14－15歲未滿,女性,107,2
2418,15－16歲未滿,性別合計,107,52
2419,15－16歲未滿,男性,107,38
2420,15－16歲未滿,女性,107,14
2421,16－17歲未滿,性別合計,107,101
2422,16－17歲未滿,男性,107,86
2423,16－17歲未滿,女性,107,15
2424,17－18歲未滿,性別合計,107,164
2425,17－18歲未滿,男性,107,144
2426,17－18歲未滿,女性,107,20
2427,18歲以上,性別合計,107,454
2428,18歲以上,男性,107,412
2429,18歲以上,女性,107,42
2430,少年犯年齡合計,性別合計,107,791
2431,少年犯年齡合計,男性,107,696
2432,少年犯年齡合計,女性,107,95
2433,12歲未滿,性別合計,107,0
2434,12歲未滿,男性,107,0
2435,12歲未滿,女性,107,0
2436,12－13歲未滿,性別合計,107,0
2437,12－13歲未滿,男性,107,0
2438,12－13歲未滿,女性,107,0
2439,13－14歲未滿,性別合計,107,3
2440,13－14歲未滿,男性,107,3
2441,13－14歲未滿,女性,107,0
2442,14－15歲未滿,性別合計,107,19
2443,14－15歲未滿,男性,107,17
2444,14－15歲未滿,女性,107,2
2445,15－16歲未滿,性別合計,107,51
2446,15－16歲未滿,男性,107,39
2447,15－16歲未滿,女性,107,12
2448,16－17歲未滿,性別合計,107,98
2449,16－17歲未滿,男性,107,83
2450,16－17歲未滿,女性,107,15
2451,17－18歲未滿,性別合計,107,164
2452,17－18歲未滿,男性,107,142
2453,17－18歲未滿,女性,107,22
2454,18歲以上,性別合計,107,456
2455,18歲以上,男性,107,412
2456,18歲以上,女性,107,44
2457,少年犯年齡合計,性別合計,108,662
2458,少年犯年齡合計,男性,108,578
2459,少年犯年齡合計,女性,108,84
2460,12歲未滿,性別合計,108,0
2461,12歲未滿,男性,108,0
2462,12歲未滿,女性,108,0
2463,12－13歲未滿,性別合計,108,0
2464,12－13歲未滿,男性,108,0
2465,12－13歲未滿,女性,108,0
2466,13－14歲未滿,性別合計,108,0
2467,13－14歲未滿,男性,108,0
2468,13－14歲未滿,女性,108,0
2469,14－15歲未滿,性別合計,108,15
2470,14－15歲未滿,男性,108,14
2471,14－15歲未滿,女性,108,1
2472,15－16歲未滿,性別合計,108,46
2473,15－16歲未滿,男性,108,36
2474,15－16歲未滿,女性,108,10
2475,16－17歲未滿,性別合計,108,83
2476,16－17歲未滿,男性,108,70
2477,16－17歲未滿,女性,108,13
2478,17－18歲未滿,性別合計,108,126
2479,17－18歲未滿,男性,108,106
2480,17－18歲未滿,女性,108,20
2481,18歲以上,性別合計,108,392
2482,18歲以上,男性,108,352
2483,18歲以上,女性,108,40
2484,少年犯年齡合計,性別合計,108,775
2485,少年犯年齡合計,男性,108,684
2486,少年犯年齡合計,女性,108,91
2487,12歲未滿,性別合計,108,0
2488,12歲未滿,男性,108,0
2489,12歲未滿,女性,108,0
2490,12－13歲未滿,性別合計,108,0
2491,12－13歲未滿,男性,108,0
2492,12－13歲未滿,女性,108,0
2493,13－14歲未滿,性別合計,108,3
2494,13－14歲未滿,男性,108,3
2495,13－14歲未滿,女性,108,0
2496,14－15歲未滿,性別合計,108,21
2497,14－15歲未滿,男性,108,18
2498,14－15歲未滿,女性,108,3
2499,15－16歲未滿,性別合計,108,46
2500,15－16歲未滿,男性,108,36
2501,15－16歲未滿,女性,108,10
2502,16－17歲未滿,性別合計,108,96
2503,16－17歲未滿,男性,108,81
2504,16－17歲未滿,女性,108,15
2505,17－18歲未滿,性別合計,108,165
2506,17－18歲未滿,男性,108,144
2507,17－18歲未滿,女性,108,21
2508,18歲以上,性別合計,108,444
2509,18歲以上,男性,108,402
2510,18歲以上,女性,108,42
2511,少年犯年齡合計,性別合計,108,762
2512,少年犯年齡合計,男性,108,671
2513,少年犯年齡合計,女性,108,91
2514,12歲未滿,性別合計,108,0
2515,12歲未滿,男性,108,0
2516,12歲未滿,女性,108,0
2517,12－13歲未滿,性別合計,108,0
2518,12－13歲未滿,男性,108,0
2519,12－13歲未滿,女性,108,0
2520,13－14歲未滿,性別合計,108,2
2521,13－14歲未滿,男性,108,2
2522,13－14歲未滿,女性,108,0
2523,14－15歲未滿,性別合計,108,23
2524,14－15歲未滿,男性,108,20
2525,14－15歲未滿,女性,108,3
2526,15－16歲未滿,性別合計,108,43
2527,15－16歲未滿,男性,108,34
2528,15－16歲未滿,女性,108,9
2529,16－17歲未滿,性別合計,108,92
2530,16－17歲未滿,男性,108,77
2531,16－17歲未滿,女性,108,15
2532,17－18歲未滿,性別合計,108,157
2533,17－18歲未滿,男性,108,135
2534,17－18歲未滿,女性,108,22
2535,18歲以上,性別合計,108,445
2536,18歲以上,男性,108,403
2537,18歲以上,女性,108,42
2538,少年犯年齡合計,性別合計,108,754
2539,少年犯年齡合計,男性,108,666
2540,少年犯年齡合計,女性,108,88
2541,12歲未滿,性別合計,108,0
2542,12歲未滿,男性,108,0
2543,12歲未滿,女性,108,0
2544,12－13歲未滿,性別合計,108,0
2545,12－13歲未滿,男性,108,0
2546,12－13歲未滿,女性,108,0
2547,13－14歲未滿,性別合計,108,2
2548,13－14歲未滿,男性,108,2
2549,13－14歲未滿,女性,108,0
2550,14－15歲未滿,性別合計,108,24
2551,14－15歲未滿,男性,108,20
2552,14－15歲未滿,女性,108,4
2553,15－16歲未滿,性別合計,108,42
2554,15－16歲未滿,男性,108,35
2555,15－16歲未滿,女性,108,7
2556,16－17歲未滿,性別合計,108,86
2557,16－17歲未滿,男性,108,72
2558,16－17歲未滿,女性,108,14
2559,17－18歲未滿,性別合計,108,156
2560,17－18歲未滿,男性,108,136
2561,17－18歲未滿,女性,108,20
2562,18歲以上,性別合計,108,444
2563,18歲以上,男性,108,401
2564,18歲以上,女性,108,43
2565,少年犯年齡合計,性別合計,108,717
2566,少年犯年齡合計,男性,108,635
2567,少年犯年齡合計,女性,108,82
2568,12歲未滿,性別合計,108,0
2569,12歲未滿,男性,108,0
2570,12歲未滿,女性,108,0
2571,12－13歲未滿,性別合計,108,0
2572,12－13歲未滿,男性,108,0
2573,12－13歲未滿,女性,108,0
2574,13－14歲未滿,性別合計,108,2
2575,13－14歲未滿,男性,108,2
2576,13－14歲未滿,女性,108,0
2577,14－15歲未滿,性別合計,108,20
2578,14－15歲未滿,男性,108,17
2579,14－15歲未滿,女性,108,3
2580,15－16歲未滿,性別合計,108,40
2581,15－16歲未滿,男性,108,34
2582,15－16歲未滿,女性,108,6
2583,16－17歲未滿,性別合計,108,78
2584,16－17歲未滿,男性,108,62
2585,16－17歲未滿,女性,108,16
2586,17－18歲未滿,性別合計,108,150
2587,17－18歲未滿,男性,108,135
2588,17－18歲未滿,女性,108,15
2589,18歲以上,性別合計,108,427
2590,18歲以上,男性,108,385
2591,18歲以上,女性,108,42
2592,少年犯年齡合計,性別合計,108,706
2593,少年犯年齡合計,男性,108,622
2594,少年犯年齡合計,女性,108,84
2595,12歲未滿,性別合計,108,0
2596,12歲未滿,男性,108,0
2597,12歲未滿,女性,108,0
2598,12－13歲未滿,性別合計,108,0
2599,12－13歲未滿,男性,108,0
2600,12－13歲未滿,女性,108,0
2601,13－14歲未滿,性別合計,108,1
2602,13－14歲未滿,男性,108,1
2603,13－14歲未滿,女性,108,0
2604,14－15歲未滿,性別合計,108,16
2605,14－15歲未滿,男性,108,13
2606,14－15歲未滿,女性,108,3
2607,15－16歲未滿,性別合計,108,45
2608,15－16歲未滿,男性,108,37
2609,15－16歲未滿,女性,108,8
2610,16－17歲未滿,性別合計,108,78
2611,16－17歲未滿,男性,108,62
2612,16－17歲未滿,女性,108,16
2613,17－18歲未滿,性別合計,108,145
2614,17－18歲未滿,男性,108,130
2615,17－18歲未滿,女性,108,15
2616,18歲以上,性別合計,108,421
2617,18歲以上,男性,108,379
2618,18歲以上,女性,108,42
2619,少年犯年齡合計,性別合計,108,718
2620,少年犯年齡合計,男性,108,635
2621,少年犯年齡合計,女性,108,83
2622,12歲未滿,性別合計,108,0
2623,12歲未滿,男性,108,0
2624,12歲未滿,女性,108,0
2625,12－13歲未滿,性別合計,108,0
2626,12－13歲未滿,男性,108,0
2627,12－13歲未滿,女性,108,0
2628,13－14歲未滿,性別合計,108,1
2629,13－14歲未滿,男性,108,1
2630,13－14歲未滿,女性,108,0
2631,14－15歲未滿,性別合計,108,10
2632,14－15歲未滿,男性,108,9
2633,14－15歲未滿,女性,108,1
2634,15－16歲未滿,性別合計,108,57
2635,15－16歲未滿,男性,108,47
2636,15－16歲未滿,女性,108,10
2637,16－17歲未滿,性別合計,108,82
2638,16－17歲未滿,男性,108,64
2639,16－17歲未滿,女性,108,18
2640,17－18歲未滿,性別合計,108,150
2641,17－18歲未滿,男性,108,133
2642,17－18歲未滿,女性,108,17
2643,18歲以上,性別合計,108,418
2644,18歲以上,男性,108,381
2645,18歲以上,女性,108,37
2646,少年犯年齡合計,性別合計,108,699
2647,少年犯年齡合計,男性,108,617
2648,少年犯年齡合計,女性,108,82
2649,12歲未滿,性別合計,108,0
2650,12歲未滿,男性,108,0
2651,12歲未滿,女性,108,0
2652,12－13歲未滿,性別合計,108,0
2653,12－13歲未滿,男性,108,0
2654,12－13歲未滿,女性,108,0
2655,13－14歲未滿,性別合計,108,0
2656,13－14歲未滿,男性,108,0
2657,13－14歲未滿,女性,108,0
2658,14－15歲未滿,性別合計,108,10
2659,14－15歲未滿,男性,108,9
2660,14－15歲未滿,女性,108,1
2661,15－16歲未滿,性別合計,108,63
2662,15－16歲未滿,男性,108,51
2663,15－16歲未滿,女性,108,12
2664,16－17歲未滿,性別合計,108,74
2665,16－17歲未滿,男性,108,58
2666,16－17歲未滿,女性,108,16
2667,17－18歲未滿,性別合計,108,150
2668,17－18歲未滿,男性,108,133
2669,17－18歲未滿,女性,108,17
2670,18歲以上,性別合計,108,402
2671,18歲以上,男性,108,366
2672,18歲以上,女性,108,36
2673,少年犯年齡合計,性別合計,108,672
2674,少年犯年齡合計,男性,108,594
2675,少年犯年齡合計,女性,108,78
2676,12歲未滿,性別合計,108,0
2677,12歲未滿,男性,108,0
2678,12歲未滿,女性,108,0
2679,12－13歲未滿,性別合計,108,0
2680,12－13歲未滿,男性,108,0
2681,12－13歲未滿,女性,108,0
2682,13－14歲未滿,性別合計,108,0
2683,13－14歲未滿,男性,108,0
2684,13－14歲未滿,女性,108,0
2685,14－15歲未滿,性別合計,108,12
2686,14－15歲未滿,男性,108,11
2687,14－15歲未滿,女性,108,1
2688,15－16歲未滿,性別合計,108,58
2689,15－16歲未滿,男性,108,47
2690,15－16歲未滿,女性,108,11
2691,16－17歲未滿,性別合計,108,78
2692,16－17歲未滿,男性,108,61
2693,16－17歲未滿,女性,108,17
2694,17－18歲未滿,性別合計,108,146
2695,17－18歲未滿,男性,108,131
2696,17－18歲未滿,女性,108,15
2697,18歲以上,性別合計,108,378
2698,18歲以上,男性,108,344
2699,18歲以上,女性,108,34
2700,少年犯年齡合計,性別合計,108,649
2701,少年犯年齡合計,男性,108,573
2702,少年犯年齡合計,女性,108,76
2703,12歲未滿,性別合計,108,0
2704,12歲未滿,男性,108,0
2705,12歲未滿,女性,108,0
2706,12－13歲未滿,性別合計,108,0
2707,12－13歲未滿,男性,108,0
2708,12－13歲未滿,女性,108,0
2709,13－14歲未滿,性別合計,108,0
2710,13－14歲未滿,男性,108,0
2711,13－14歲未滿,女性,108,0
2712,14－15歲未滿,性別合計,108,16
2713,14－15歲未滿,男性,108,15
2714,14－15歲未滿,女性,108,1
2715,15－16歲未滿,性別合計,108,49
2716,15－16歲未滿,男性,108,40
2717,15－16歲未滿,女性,108,9
2718,16－17歲未滿,性別合計,108,73
2719,16－17歲未滿,男性,108,62
2720,16－17歲未滿,女性,108,11
2721,17－18歲未滿,性別合計,108,137
2722,17－18歲未滿,男性,108,120
2723,17－18歲未滿,女性,108,17
2724,18歲以上,性別合計,108,374
2725,18歲以上,男性,108,336
2726,18歲以上,女性,108,38
2727,少年犯年齡合計,性別合計,108,646
2728,少年犯年齡合計,男性,108,563
2729,少年犯年齡合計,女性,108,83
2730,12歲未滿,性別合計,108,0
2731,12歲未滿,男性,108,0
2732,12歲未滿,女性,108,0
2733,12－13歲未滿,性別合計,108,0
2734,12－13歲未滿,男性,108,0
2735,12－13歲未滿,女性,108,0
2736,13－14歲未滿,性別合計,108,0
2737,13－14歲未滿,男性,108,0
2738,13－14歲未滿,女性,108,0
2739,14－15歲未滿,性別合計,108,15
2740,14－15歲未滿,男性,108,14
2741,14－15歲未滿,女性,108,1
2742,15－16歲未滿,性別合計,108,45
2743,15－16歲未滿,男性,108,34
2744,15－16歲未滿,女性,108,11
2745,16－17歲未滿,性別合計,108,78
2746,16－17歲未滿,男性,108,67
2747,16－17歲未滿,女性,108,11
2748,17－18歲未滿,性別合計,108,125
2749,17－18歲未滿,男性,108,109
2750,17－18歲未滿,女性,108,16
2751,18歲以上,性別合計,108,383
2752,18歲以上,男性,108,339
2753,18歲以上,女性,108,44
2754,少年犯年齡合計,性別合計,108,637
2755,少年犯年齡合計,男性,108,557
2756,少年犯年齡合計,女性,108,80
2757,12歲未滿,性別合計,108,0
2758,12歲未滿,男性,108,0
2759,12歲未滿,女性,108,0
2760,12－13歲未滿,性別合計,108,0
2761,12－13歲未滿,男性,108,0
2762,12－13歲未滿,女性,108,0
2763,13－14歲未滿,性別合計,108,0
2764,13－14歲未滿,男性,108,0
2765,13－14歲未滿,女性,108,0
2766,14－15歲未滿,性別合計,108,15
2767,14－15歲未滿,男性,108,14
2768,14－15歲未滿,女性,108,1
2769,15－16歲未滿,性別合計,108,45
2770,15－16歲未滿,男性,108,36
2771,15－16歲未滿,女性,108,9
2772,16－17歲未滿,性別合計,108,77
2773,16－17歲未滿,男性,108,62
2774,16－17歲未滿,女性,108,15
2775,17－18歲未滿,性別合計,108,125
2776,17－18歲未滿,男性,108,109
2777,17－18歲未滿,女性,108,16
2778,18歲以上,性別合計,108,375
2779,18歲以上,男性,108,336
2780,18歲以上,女性,108,39
2781,少年犯年齡合計,性別合計,108,662
2782,少年犯年齡合計,男性,108,578
2783,少年犯年齡合計,女性,108,84
2784,12歲未滿,性別合計,108,0
2785,12歲未滿,男性,108,0
2786,12歲未滿,女性,108,0
2787,12－13歲未滿,性別合計,108,0
2788,12－13歲未滿,男性,108,0
2789,12－13歲未滿,女性,108,0
2790,13－14歲未滿,性別合計,108,0
2791,13－14歲未滿,男性,108,0
2792,13－14歲未滿,女性,108,0
2793,14－15歲未滿,性別合計,108,15
2794,14－15歲未滿,男性,108,14
2795,14－15歲未滿,女性,108,1
2796,15－16歲未滿,性別合計,108,46
2797,15－16歲未滿,男性,108,36
2798,15－16歲未滿,女性,108,10
2799,16－17歲未滿,性別合計,108,83
2800,16－17歲未滿,男性,108,70
2801,16－17歲未滿,女性,108,13
2802,17－18歲未滿,性別合計,108,126
2803,17－18歲未滿,男性,108,106
2804,17－18歲未滿,女性,108,20
2805,18歲以上,性別合計,108,392
2806,18歲以上,男性,108,352
2807,18歲以上,女性,108,40
2808,少年犯年齡合計,性別合計,109,706
2809,少年犯年齡合計,男性,109,642
2810,少年犯年齡合計,女性,109,64
2811,12歲未滿,性別合計,109,0
2812,12歲未滿,男性,109,0
2813,12歲未滿,女性,109,0
2814,12－13歲未滿,性別合計,109,0
2815,12－13歲未滿,男性,109,0
2816,12－13歲未滿,女性,109,0
2817,13－14歲未滿,性別合計,109,0
2818,13－14歲未滿,男性,109,0
2819,13－14歲未滿,女性,109,0
2820,14－15歲未滿,性別合計,109,8
2821,14－15歲未滿,男性,109,8
2822,14－15歲未滿,女性,109,0
2823,15－16歲未滿,性別合計,109,53
2824,15－16歲未滿,男性,109,47
2825,15－16歲未滿,女性,109,6
2826,16－17歲未滿,性別合計,109,100
2827,16－17歲未滿,男性,109,86
2828,16－17歲未滿,女性,109,14
2829,17－18歲未滿,性別合計,109,157
2830,17－18歲未滿,男性,109,138
2831,17－18歲未滿,女性,109,19
2832,18歲以上,性別合計,109,388
2833,18歲以上,男性,109,363
2834,18歲以上,女性,109,25
2835,少年犯年齡合計,性別合計,109,659
2836,少年犯年齡合計,男性,109,576
2837,少年犯年齡合計,女性,109,83
2838,12歲未滿,性別合計,109,0
2839,12歲未滿,男性,109,0
2840,12歲未滿,女性,109,0
2841,12－13歲未滿,性別合計,109,0
2842,12－13歲未滿,男性,109,0
2843,12－13歲未滿,女性,109,0
2844,13－14歲未滿,性別合計,109,0
2845,13－14歲未滿,男性,109,0
2846,13－14歲未滿,女性,109,0
2847,14－15歲未滿,性別合計,109,13
2848,14－15歲未滿,男性,109,13
2849,14－15歲未滿,女性,109,0
2850,15－16歲未滿,性別合計,109,56
2851,15－16歲未滿,男性,109,44
2852,15－16歲未滿,女性,109,12
2853,16－17歲未滿,性別合計,109,74
2854,16－17歲未滿,男性,109,61
2855,16－17歲未滿,女性,109,13
2856,17－18歲未滿,性別合計,109,126
2857,17－18歲未滿,男性,109,107
2858,17－18歲未滿,女性,109,19
2859,18歲以上,性別合計,109,390
2860,18歲以上,男性,109,351
2861,18歲以上,女性,109,39
2862,少年犯年齡合計,性別合計,109,654
2863,少年犯年齡合計,男性,109,573
2864,少年犯年齡合計,女性,109,81
2865,12歲未滿,性別合計,109,0
2866,12歲未滿,男性,109,0
2867,12歲未滿,女性,109,0
2868,12－13歲未滿,性別合計,109,0
2869,12－13歲未滿,男性,109,0
2870,12－13歲未滿,女性,109,0
2871,13－14歲未滿,性別合計,109,0
2872,13－14歲未滿,男性,109,0
2873,13－14歲未滿,女性,109,0
2874,14－15歲未滿,性別合計,109,12
2875,14－15歲未滿,男性,109,12
2876,14－15歲未滿,女性,109,0
2877,15－16歲未滿,性別合計,109,52
2878,15－16歲未滿,男性,109,42
2879,15－16歲未滿,女性,109,10
2880,16－17歲未滿,性別合計,109,75
2881,16－17歲未滿,男性,109,61
2882,16－17歲未滿,女性,109,14
2883,17－18歲未滿,性別合計,109,128
2884,17－18歲未滿,男性,109,111
2885,17－18歲未滿,女性,109,17
2886,18歲以上,性別合計,109,387
2887,18歲以上,男性,109,347
2888,18歲以上,女性,109,40
2889,少年犯年齡合計,性別合計,109,664
2890,少年犯年齡合計,男性,109,583
2891,少年犯年齡合計,女性,109,81
2892,12歲未滿,性別合計,109,0
2893,12歲未滿,男性,109,0
2894,12歲未滿,女性,109,0
2895,12－13歲未滿,性別合計,109,0
2896,12－13歲未滿,男性,109,0
2897,12－13歲未滿,女性,109,0
2898,13－14歲未滿,性別合計,109,0
2899,13－14歲未滿,男性,109,0
2900,13－14歲未滿,女性,109,0
2901,14－15歲未滿,性別合計,109,14
2902,14－15歲未滿,男性,109,13
2903,14－15歲未滿,女性,109,1
2904,15－16歲未滿,性別合計,109,49
2905,15－16歲未滿,男性,109,41
2906,15－16歲未滿,女性,109,8
2907,16－17歲未滿,性別合計,109,83
2908,16－17歲未滿,男性,109,68
2909,16－17歲未滿,女性,109,15
2910,17－18歲未滿,性別合計,109,126
2911,17－18歲未滿,男性,109,108
2912,17－18歲未滿,女性,109,18
2913,18歲以上,性別合計,109,392
2914,18歲以上,男性,109,353
2915,18歲以上,女性,109,39
2916,少年犯年齡合計,性別合計,109,676
2917,少年犯年齡合計,男性,109,599
2918,少年犯年齡合計,女性,109,77
2919,12歲未滿,性別合計,109,0
2920,12歲未滿,男性,109,0
2921,12歲未滿,女性,109,0
2922,12－13歲未滿,性別合計,109,0
2923,12－13歲未滿,男性,109,0
2924,12－13歲未滿,女性,109,0
2925,13－14歲未滿,性別合計,109,0
2926,13－14歲未滿,男性,109,0
2927,13－14歲未滿,女性,109,0
2928,14－15歲未滿,性別合計,109,12
2929,14－15歲未滿,男性,109,11
2930,14－15歲未滿,女性,109,1
2931,15－16歲未滿,性別合計,109,46
2932,15－16歲未滿,男性,109,39
2933,15－16歲未滿,女性,109,7
2934,16－17歲未滿,性別合計,109,87
2935,16－17歲未滿,男性,109,70
2936,16－17歲未滿,女性,109,17
2937,17－18歲未滿,性別合計,109,129
2938,17－18歲未滿,男性,109,112
2939,17－18歲未滿,女性,109,17
2940,18歲以上,性別合計,109,402
2941,18歲以上,男性,109,367
2942,18歲以上,女性,109,35
2943,少年犯年齡合計,性別合計,109,689
2944,少年犯年齡合計,男性,109,611
2945,少年犯年齡合計,女性,109,78
2946,12歲未滿,性別合計,109,0
2947,12歲未滿,男性,109,0
2948,12歲未滿,女性,109,0
2949,12－13歲未滿,性別合計,109,0
2950,12－13歲未滿,男性,109,0
2951,12－13歲未滿,女性,109,0
2952,13－14歲未滿,性別合計,109,0
2953,13－14歲未滿,男性,109,0
2954,13－14歲未滿,女性,109,0
2955,14－15歲未滿,性別合計,109,9
2956,14－15歲未滿,男性,109,8
2957,14－15歲未滿,女性,109,1
2958,15－16歲未滿,性別合計,109,49
2959,15－16歲未滿,男性,109,40
2960,15－16歲未滿,女性,109,9
2961,16－17歲未滿,性別合計,109,93
2962,16－17歲未滿,男性,109,75
2963,16－17歲未滿,女性,109,18
2964,17－18歲未滿,性別合計,109,122
2965,17－18歲未滿,男性,109,108
2966,17－18歲未滿,女性,109,14
2967,18歲以上,性別合計,109,416
2968,18歲以上,男性,109,380
2969,18歲以上,女性,109,36
2970,少年犯年齡合計,性別合計,109,686
2971,少年犯年齡合計,男性,109,607
2972,少年犯年齡合計,女性,109,79
2973,12歲未滿,性別合計,109,0
2974,12歲未滿,男性,109,0
2975,12歲未滿,女性,109,0
2976,12－13歲未滿,性別合計,109,0
2977,12－13歲未滿,男性,109,0
2978,12－13歲未滿,女性,109,0
2979,13－14歲未滿,性別合計,109,0
2980,13－14歲未滿,男性,109,0
2981,13－14歲未滿,女性,109,0
2982,14－15歲未滿,性別合計,109,5
2983,14－15歲未滿,男性,109,4
2984,14－15歲未滿,女性,109,1
2985,15－16歲未滿,性別合計,109,46
2986,15－16歲未滿,男性,109,40
2987,15－16歲未滿,女性,109,6
2988,16－17歲未滿,性別合計,109,93
2989,16－17歲未滿,男性,109,74
2990,16－17歲未滿,女性,109,19
2991,17－18歲未滿,性別合計,109,123
2992,17－18歲未滿,男性,109,110
2993,17－18歲未滿,女性,109,13
2994,18歲以上,性別合計,109,419
2995,18歲以上,男性,109,379
2996,18歲以上,女性,109,40
2997,少年犯年齡合計,性別合計,109,659
2998,少年犯年齡合計,男性,109,587
2999,少年犯年齡合計,女性,109,72
3000,12歲未滿,性別合計,109,0
3001,12歲未滿,男性,109,0
3002,12歲未滿,女性,109,0
3003,12－13歲未滿,性別合計,109,0
3004,12－13歲未滿,男性,109,0
3005,12－13歲未滿,女性,109,0
3006,13－14歲未滿,性別合計,109,1
3007,13－14歲未滿,男性,109,1
3008,13－14歲未滿,女性,109,0
3009,14－15歲未滿,性別合計,109,10
3010,14－15歲未滿,男性,109,9
3011,14－15歲未滿,女性,109,1
3012,15－16歲未滿,性別合計,109,47
3013,15－16歲未滿,男性,109,40
3014,15－16歲未滿,女性,109,7
3015,16－17歲未滿,性別合計,109,92
3016,16－17歲未滿,男性,109,77
3017,16－17歲未滿,女性,109,15
3018,17－18歲未滿,性別合計,109,112
3019,17－18歲未滿,男性,109,100
3020,17－18歲未滿,女性,109,12
3021,18歲以上,性別合計,109,397
3022,18歲以上,男性,109,360
3023,18歲以上,女性,109,37
3024,少年犯年齡合計,性別合計,109,665
3025,少年犯年齡合計,男性,109,598
3026,少年犯年齡合計,女性,109,67
3027,12歲未滿,性別合計,109,0
3028,12歲未滿,男性,109,0
3029,12歲未滿,女性,109,0
3030,12－13歲未滿,性別合計,109,0
3031,12－13歲未滿,男性,109,0
3032,12－13歲未滿,女性,109,0
3033,13－14歲未滿,性別合計,109,0
3034,13－14歲未滿,男性,109,0
3035,13－14歲未滿,女性,109,0
3036,14－15歲未滿,性別合計,109,7
3037,14－15歲未滿,男性,109,7
3038,14－15歲未滿,女性,109,0
3039,15－16歲未滿,性別合計,109,52
3040,15－16歲未滿,男性,109,43
3041,15－16歲未滿,女性,109,9
3042,16－17歲未滿,性別合計,109,93
3043,16－17歲未滿,男性,109,79
3044,16－17歲未滿,女性,109,14
3045,17－18歲未滿,性別合計,109,121
3046,17－18歲未滿,男性,109,110
3047,17－18歲未滿,女性,109,11
3048,18歲以上,性別合計,109,392
3049,18歲以上,男性,109,359
3050,18歲以上,女性,109,33
3051,少年犯年齡合計,性別合計,109,655
3052,少年犯年齡合計,男性,109,591
3053,少年犯年齡合計,女性,109,64
3054,12歲未滿,性別合計,109,0
3055,12歲未滿,男性,109,0
3056,12歲未滿,女性,109,0
3057,12－13歲未滿,性別合計,109,0
3058,12－13歲未滿,男性,109,0
3059,12－13歲未滿,女性,109,0
3060,13－14歲未滿,性別合計,109,0
3061,13－14歲未滿,男性,109,0
3062,13－14歲未滿,女性,109,0
3063,14－15歲未滿,性別合計,109,7
3064,14－15歲未滿,男性,109,7
3065,14－15歲未滿,女性,109,0
3066,15－16歲未滿,性別合計,109,57
3067,15－16歲未滿,男性,109,49
3068,15－16歲未滿,女性,109,8
3069,16－17歲未滿,性別合計,109,91
3070,16－17歲未滿,男性,109,78
3071,16－17歲未滿,女性,109,13
3072,17－18歲未滿,性別合計,109,127
3073,17－18歲未滿,男性,109,115
3074,17－18歲未滿,女性,109,12
3075,18歲以上,性別合計,109,373
3076,18歲以上,男性,109,342
3077,18歲以上,女性,109,31
3078,少年犯年齡合計,性別合計,109,662
3079,少年犯年齡合計,男性,109,601
3080,少年犯年齡合計,女性,109,61
3081,12歲未滿,性別合計,109,0
3082,12歲未滿,男性,109,0
3083,12歲未滿,女性,109,0
3084,12－13歲未滿,性別合計,109,0
3085,12－13歲未滿,男性,109,0
3086,12－13歲未滿,女性,109,0
3087,13－14歲未滿,性別合計,109,0
3088,13－14歲未滿,男性,109,0
3089,13－14歲未滿,女性,109,0
3090,14－15歲未滿,性別合計,109,7
3091,14－15歲未滿,男性,109,7
3092,14－15歲未滿,女性,109,0
3093,15－16歲未滿,性別合計,109,52
3094,15－16歲未滿,男性,109,46
3095,15－16歲未滿,女性,109,6
3096,16－17歲未滿,性別合計,109,91
3097,16－17歲未滿,男性,109,80
3098,16－17歲未滿,女性,109,11
3099,17－18歲未滿,性別合計,109,135
3100,17－18歲未滿,男性,109,119
3101,17－18歲未滿,女性,109,16
3102,18歲以上,性別合計,109,377
3103,18歲以上,男性,109,349
3104,18歲以上,女性,109,28
3105,少年犯年齡合計,性別合計,109,688
3106,少年犯年齡合計,男性,109,625
3107,少年犯年齡合計,女性,109,63
3108,12歲未滿,性別合計,109,0
3109,12歲未滿,男性,109,0
3110,12歲未滿,女性,109,0
3111,12－13歲未滿,性別合計,109,0
3112,12－13歲未滿,男性,109,0
3113,12－13歲未滿,女性,109,0
3114,13－14歲未滿,性別合計,109,0
3115,13－14歲未滿,男性,109,0
3116,13－14歲未滿,女性,109,0
3117,14－15歲未滿,性別合計,109,6
3118,14－15歲未滿,男性,109,6
3119,14－15歲未滿,女性,109,0
3120,15－16歲未滿,性別合計,109,54
3121,15－16歲未滿,男性,109,48
3122,15－16歲未滿,女性,109,6
3123,16－17歲未滿,性別合計,109,100
3124,16－17歲未滿,男性,109,88
3125,16－17歲未滿,女性,109,12
3126,17－18歲未滿,性別合計,109,143
3127,17－18歲未滿,男性,109,125
3128,17－18歲未滿,女性,109,18
3129,18歲以上,性別合計,109,385
3130,18歲以上,男性,109,358
3131,18歲以上,女性,109,27
3132,少年犯年齡合計,性別合計,109,706
3133,少年犯年齡合計,男性,109,642
3134,少年犯年齡合計,女性,109,64
3135,12歲未滿,性別合計,109,0
3136,12歲未滿,男性,109,0
3137,12歲未滿,女性,109,0
3138,12－13歲未滿,性別合計,109,0
3139,12－13歲未滿,男性,109,0
3140,12－13歲未滿,女性,109,0
3141,13－14歲未滿,性別合計,109,0
3142,13－14歲未滿,男性,109,0
3143,13－14歲未滿,女性,109,0
3144,14－15歲未滿,性別合計,109,8
3145,14－15歲未滿,男性,109,8
3146,14－15歲未滿,女性,109,0
3147,15－16歲未滿,性別合計,109,53
3148,15－16歲未滿,男性,109,47
3149,15－16歲未滿,女性,109,6
3150,16－17歲未滿,性別合計,109,100
3151,16－17歲未滿,男性,109,86
3152,16－17歲未滿,女性,109,14
3153,17－18歲未滿,性別合計,109,157
3154,17－18歲未滿,男性,109,138
3155,17－18歲未滿,女性,109,19
3156,18歲以上,性別合計,109,388
3157,18歲以上,男性,109,363
3158,18歲以上,女性,109,25
3159,少年犯年齡合計,性別合計,110,636
3160,少年犯年齡合計,男性,110,584
3161,少年犯年齡合計,女性,110,52
3162,12歲未滿,性別合計,110,0
3163,12歲未滿,男性,110,0
3164,12歲未滿,女性,110,0
3165,12－13歲未滿,性別合計,110,0
3166,12－13歲未滿,男性,110,0
3167,12－13歲未滿,女性,110,0
3168,13－14歲未滿,性別合計,110,0
3169,13－14歲未滿,男性,110,0
3170,13－14歲未滿,女性,110,0
3171,14－15歲未滿,性別合計,110,5
3172,14－15歲未滿,男性,110,4
3173,14－15歲未滿,女性,110,1
3174,15－16歲未滿,性別合計,110,35
3175,15－16歲未滿,男性,110,29
3176,15－16歲未滿,女性,110,6
3177,16－17歲未滿,性別合計,110,89
3178,16－17歲未滿,男性,110,77
3179,16－17歲未滿,女性,110,12
3180,17－18歲未滿,性別合計,110,132
3181,17－18歲未滿,男性,110,120
3182,17－18歲未滿,女性,110,12
3183,18歲以上,性別合計,110,375
3184,18歲以上,男性,110,354
3185,18歲以上,女性,110,21
3186,少年犯年齡合計,性別合計,110,720
3187,少年犯年齡合計,男性,110,650
3188,少年犯年齡合計,女性,110,70
3189,12歲未滿,性別合計,110,0
3190,12歲未滿,男性,110,0
3191,12歲未滿,女性,110,0
3192,12－13歲未滿,性別合計,110,0
3193,12－13歲未滿,男性,110,0
3194,12－13歲未滿,女性,110,0
3195,13－14歲未滿,性別合計,110,0
3196,13－14歲未滿,男性,110,0
3197,13－14歲未滿,女性,110,0
3198,14－15歲未滿,性別合計,110,9
3199,14－15歲未滿,男性,110,9
3200,14－15歲未滿,女性,110,0
3201,15－16歲未滿,性別合計,110,55
3202,15－16歲未滿,男性,110,48
3203,15－16歲未滿,女性,110,7
3204,16－17歲未滿,性別合計,110,108
3205,16－17歲未滿,男性,110,92
3206,16－17歲未滿,女性,110,16
3207,17－18歲未滿,性別合計,110,154
3208,17－18歲未滿,男性,110,135
3209,17－18歲未滿,女性,110,19
3210,18歲以上,性別合計,110,394
3211,18歲以上,男性,110,366
3212,18歲以上,女性,110,28
3213,少年犯年齡合計,性別合計,110,680
3214,少年犯年齡合計,男性,110,617
3215,少年犯年齡合計,女性,110,63
3216,12歲未滿,性別合計,110,0
3217,12歲未滿,男性,110,0
3218,12歲未滿,女性,110,0
3219,12－13歲未滿,性別合計,110,0
3220,12－13歲未滿,男性,110,0
3221,12－13歲未滿,女性,110,0
3222,13－14歲未滿,性別合計,110,0
3223,13－14歲未滿,男性,110,0
3224,13－14歲未滿,女性,110,0
3225,14－15歲未滿,性別合計,110,10
3226,14－15歲未滿,男性,110,10
3227,14－15歲未滿,女性,110,0
3228,15－16歲未滿,性別合計,110,47
3229,15－16歲未滿,男性,110,41
3230,15－16歲未滿,女性,110,6
3231,16－17歲未滿,性別合計,110,105
3232,16－17歲未滿,男性,110,89
3233,16－17歲未滿,女性,110,16
3234,17－18歲未滿,性別合計,110,137
3235,17－18歲未滿,男性,110,121
3236,17－18歲未滿,女性,110,16
3237,18歲以上,性別合計,110,381
3238,18歲以上,男性,110,356
3239,18歲以上,女性,110,25
3240,少年犯年齡合計,性別合計,110,702
3241,少年犯年齡合計,男性,110,639
3242,少年犯年齡合計,女性,110,63
3243,12歲未滿,性別合計,110,0
3244,12歲未滿,男性,110,0
3245,12歲未滿,女性,110,0
3246,12－13歲未滿,性別合計,110,0
3247,12－13歲未滿,男性,110,0
3248,12－13歲未滿,女性,110,0
3249,13－14歲未滿,性別合計,110,0
3250,13－14歲未滿,男性,110,0
3251,13－14歲未滿,女性,110,0
3252,14－15歲未滿,性別合計,110,10
3253,14－15歲未滿,男性,110,10
3254,14－15歲未滿,女性,110,0
3255,15－16歲未滿,性別合計,110,44
3256,15－16歲未滿,男性,110,38
3257,15－16歲未滿,女性,110,6
3258,16－17歲未滿,性別合計,110,93
3259,16－17歲未滿,男性,110,80
3260,16－17歲未滿,女性,110,13
3261,17－18歲未滿,性別合計,110,146
3262,17－18歲未滿,男性,110,129
3263,17－18歲未滿,女性,110,17
3264,18歲以上,性別合計,110,409
3265,18歲以上,男性,110,382
3266,18歲以上,女性,110,27
3267,少年犯年齡合計,性別合計,110,700
3268,少年犯年齡合計,男性,110,635
3269,少年犯年齡合計,女性,110,65
3270,12歲未滿,性別合計,110,0
3271,12歲未滿,男性,110,0
3272,12歲未滿,女性,110,0
3273,12－13歲未滿,性別合計,110,0
3274,12－13歲未滿,男性,110,0
3275,12－13歲未滿,女性,110,0
3276,13－14歲未滿,性別合計,110,0
3277,13－14歲未滿,男性,110,0
3278,13－14歲未滿,女性,110,0
3279,14－15歲未滿,性別合計,110,10
3280,14－15歲未滿,男性,110,10
3281,14－15歲未滿,女性,110,0
3282,15－16歲未滿,性別合計,110,46
3283,15－16歲未滿,男性,110,39
3284,15－16歲未滿,女性,110,7
3285,16－17歲未滿,性別合計,110,94
3286,16－17歲未滿,男性,110,80
3287,16－17歲未滿,女性,110,14
3288,17－18歲未滿,性別合計,110,142
3289,17－18歲未滿,男性,110,124
3290,17－18歲未滿,女性,110,18
3291,18歲以上,性別合計,110,408
3292,18歲以上,男性,110,382
3293,18歲以上,女性,110,26
3294,少年犯年齡合計,性別合計,110,712
3295,少年犯年齡合計,男性,110,641
3296,少年犯年齡合計,女性,110,71
3297,12歲未滿,性別合計,110,0
3298,12歲未滿,男性,110,0
3299,12歲未滿,女性,110,0
3300,12－13歲未滿,性別合計,110,0
3301,12－13歲未滿,男性,110,0
3302,12－13歲未滿,女性,110,0
3303,13－14歲未滿,性別合計,110,0
3304,13－14歲未滿,男性,110,0
3305,13－14歲未滿,女性,110,0
3306,14－15歲未滿,性別合計,110,9
3307,14－15歲未滿,男性,110,8
3308,14－15歲未滿,女性,110,1
3309,15－16歲未滿,性別合計,110,45
3310,15－16歲未滿,男性,110,38
3311,15－16歲未滿,女性,110,7
3312,16－17歲未滿,性別合計,110,95
3313,16－17歲未滿,男性,110,81
3314,16－17歲未滿,女性,110,14
3315,17－18歲未滿,性別合計,110,137
3316,17－18歲未滿,男性,110,118
3317,17－18歲未滿,女性,110,19
3318,18歲以上,性別合計,110,426
3319,18歲以上,男性,110,396
3320,18歲以上,女性,110,30
3321,少年犯年齡合計,性別合計,110,708
3322,少年犯年齡合計,男性,110,637
3323,少年犯年齡合計,女性,110,71
3324,12歲未滿,性別合計,110,0
3325,12歲未滿,男性,110,0
3326,12歲未滿,女性,110,0
3327,12－13歲未滿,性別合計,110,0
3328,12－13歲未滿,男性,110,0
3329,12－13歲未滿,女性,110,0
3330,13－14歲未滿,性別合計,110,0
3331,13－14歲未滿,男性,110,0
3332,13－14歲未滿,女性,110,0
3333,14－15歲未滿,性別合計,110,8
3334,14－15歲未滿,男性,110,7
3335,14－15歲未滿,女性,110,1
3336,15－16歲未滿,性別合計,110,39
3337,15－16歲未滿,男性,110,34
3338,15－16歲未滿,女性,110,5
3339,16－17歲未滿,性別合計,110,96
3340,16－17歲未滿,男性,110,82
3341,16－17歲未滿,女性,110,14
3342,17－18歲未滿,性別合計,110,141
3343,17－18歲未滿,男性,110,122
3344,17－18歲未滿,女性,110,19
3345,18歲以上,性別合計,110,424
3346,18歲以上,男性,110,392
3347,18歲以上,女性,110,32
3348,少年犯年齡合計,性別合計,110,677
3349,少年犯年齡合計,男性,110,611
3350,少年犯年齡合計,女性,110,66
3351,12歲未滿,性別合計,110,0
3352,12歲未滿,男性,110,0
3353,12歲未滿,女性,110,0
3354,12－13歲未滿,性別合計,110,0
3355,12－13歲未滿,男性,110,0
3356,12－13歲未滿,女性,110,0
3357,13－14歲未滿,性別合計,110,0
3358,13－14歲未滿,男性,110,0
3359,13－14歲未滿,女性,110,0
3360,14－15歲未滿,性別合計,110,7
3361,14－15歲未滿,男性,110,5
3362,14－15歲未滿,女性,110,2
3363,15－16歲未滿,性別合計,110,36
3364,15－16歲未滿,男性,110,32
3365,15－16歲未滿,女性,110,4
3366,16－17歲未滿,性別合計,110,99
3367,16－17歲未滿,男性,110,85
3368,16－17歲未滿,女性,110,14
3369,17－18歲未滿,性別合計,110,139
3370,17－18歲未滿,男性,110,123
3371,17－18歲未滿,女性,110,16
3372,18歲以上,性別合計,110,396
3373,18歲以上,男性,110,366
3374,18歲以上,女性,110,30
3375,少年犯年齡合計,性別合計,110,632
3376,少年犯年齡合計,男性,110,574
3377,少年犯年齡合計,女性,110,58
3378,12歲未滿,性別合計,110,0
3379,12歲未滿,男性,110,0
3380,12歲未滿,女性,110,0
3381,12－13歲未滿,性別合計,110,0
3382,12－13歲未滿,男性,110,0
3383,12－13歲未滿,女性,110,0
3384,13－14歲未滿,性別合計,110,2
3385,13－14歲未滿,男性,110,1
3386,13－14歲未滿,女性,110,1
3387,14－15歲未滿,性別合計,110,6
3388,14－15歲未滿,男性,110,4
3389,14－15歲未滿,女性,110,2
3390,15－16歲未滿,性別合計,110,32
3391,15－16歲未滿,男性,110,30
3392,15－16歲未滿,女性,110,2
3393,16－17歲未滿,性別合計,110,88
3394,16－17歲未滿,男性,110,71
3395,16－17歲未滿,女性,110,17
3396,17－18歲未滿,性別合計,110,127
3397,17－18歲未滿,男性,110,116
3398,17－18歲未滿,女性,110,11
3399,18歲以上,性別合計,110,377
3400,18歲以上,男性,110,352
3401,18歲以上,女性,110,25
3402,少年犯年齡合計,性別合計,110,636
3403,少年犯年齡合計,男性,110,580
3404,少年犯年齡合計,女性,110,56
3405,12歲未滿,性別合計,110,0
3406,12歲未滿,男性,110,0
3407,12歲未滿,女性,110,0
3408,12－13歲未滿,性別合計,110,0
3409,12－13歲未滿,男性,110,0
3410,12－13歲未滿,女性,110,0
3411,13－14歲未滿,性別合計,110,3
3412,13－14歲未滿,男性,110,2
3413,13－14歲未滿,女性,110,1
3414,14－15歲未滿,性別合計,110,6
3415,14－15歲未滿,男性,110,4
3416,14－15歲未滿,女性,110,2
3417,15－16歲未滿,性別合計,110,29
3418,15－16歲未滿,男性,110,28
3419,15－16歲未滿,女性,110,1
3420,16－17歲未滿,性別合計,110,89
3421,16－17歲未滿,男性,110,77
3422,16－17歲未滿,女性,110,12
3423,17－18歲未滿,性別合計,110,137
3424,17－18歲未滿,男性,110,120
3425,17－18歲未滿,女性,110,17
3426,18歲以上,性別合計,110,372
3427,18歲以上,男性,110,349
3428,18歲以上,女性,110,23
3429,少年犯年齡合計,性別合計,110,632
3430,少年犯年齡合計,男性,110,575
3431,少年犯年齡合計,女性,110,57
3432,12歲未滿,性別合計,110,0
3433,12歲未滿,男性,110,0
3434,12歲未滿,女性,110,0
3435,12－13歲未滿,性別合計,110,0
3436,12－13歲未滿,男性,110,0
3437,12－13歲未滿,女性,110,0
3438,13－14歲未滿,性別合計,110,1
3439,13－14歲未滿,男性,110,0
3440,13－14歲未滿,女性,110,1
3441,14－15歲未滿,性別合計,110,8
3442,14－15歲未滿,男性,110,6
3443,14－15歲未滿,女性,110,2
3444,15－16歲未滿,性別合計,110,32
3445,15－16歲未滿,男性,110,29
3446,15－16歲未滿,女性,110,3
3447,16－17歲未滿,性別合計,110,86
3448,16－17歲未滿,男性,110,74
3449,16－17歲未滿,女性,110,12
3450,17－18歲未滿,性別合計,110,144
3451,17－18歲未滿,男性,110,127
3452,17－18歲未滿,女性,110,17
3453,18歲以上,性別合計,110,361
3454,18歲以上,男性,110,339
3455,18歲以上,女性,110,22
3456,少年犯年齡合計,性別合計,110,615
3457,少年犯年齡合計,男性,110,566
3458,少年犯年齡合計,女性,110,49
3459,12歲未滿,性別合計,110,0
3460,12歲未滿,男性,110,0
3461,12歲未滿,女性,110,0
3462,12－13歲未滿,性別合計,110,0
3463,12－13歲未滿,男性,110,0
3464,12－13歲未滿,女性,110,0
3465,13－14歲未滿,性別合計,110,0
3466,13－14歲未滿,男性,110,0
3467,13－14歲未滿,女性,110,0
3468,14－15歲未滿,性別合計,110,7
3469,14－15歲未滿,男性,110,4
3470,14－15歲未滿,女性,110,3
3471,15－16歲未滿,性別合計,110,34
3472,15－16歲未滿,男性,110,31
3473,15－16歲未滿,女性,110,3
3474,16－17歲未滿,性別合計,110,86
3475,16－17歲未滿,男性,110,77
3476,16－17歲未滿,女性,110,9
3477,17－18歲未滿,性別合計,110,139
3478,17－18歲未滿,男性,110,124
3479,17－18歲未滿,女性,110,15
3480,18歲以上,性別合計,110,349
3481,18歲以上,男性,110,330
3482,18歲以上,女性,110,19
3483,少年犯年齡合計,性別合計,110,636
3484,少年犯年齡合計,男性,110,584
3485,少年犯年齡合計,女性,110,52
3486,12歲未滿,性別合計,110,0
3487,12歲未滿,男性,110,0
3488,12歲未滿,女性,110,0
3489,12－13歲未滿,性別合計,110,0
3490,12－13歲未滿,男性,110,0
3491,12－13歲未滿,女性,110,0
3492,13－14歲未滿,性別合計,110,0
3493,13－14歲未滿,男性,110,0
3494,13－14歲未滿,女性,110,0
3495,14－15歲未滿,性別合計,110,5
3496,14－15歲未滿,男性,110,4
3497,14－15歲未滿,女性,110,1
3498,15－16歲未滿,性別合計,110,35
3499,15－16歲未滿,男性,110,29
3500,15－16歲未滿,女性,110,6
3501,16－17歲未滿,性別合計,110,89
3502,16－17歲未滿,男性,110,77
3503,16－17歲未滿,女性,110,12
3504,17－18歲未滿,性別合計,110,132
3505,17－18歲未滿,男性,110,120
3506,17－18歲未滿,女性,110,12
3507,18歲以上,性別合計,110,375
3508,18歲以上,男性,110,354
3509,18歲以上,女性,110,21
3510,少年犯年齡合計,性別合計,111,605
3511,少年犯年齡合計,男性,111,569
3512,少年犯年齡合計,女性,111,36
3513,12歲未滿,性別合計,111,0
3514,12歲未滿,男性,111,0
3515,12歲未滿,女性,111,0
3516,12－13歲未滿,性別合計,111,0
3517,12－13歲未滿,男性,111,0
3518,12－13歲未滿,女性,111,0
3519,13－14歲未滿,性別合計,111,1
3520,13－14歲未滿,男性,111,1
3521,13－14歲未滿,女性,111,0
3522,14－15歲未滿,性別合計,111,8
3523,14－15歲未滿,男性,111,6
3524,14－15歲未滿,女性,111,2
3525,15－16歲未滿,性別合計,111,34
3526,15－16歲未滿,男性,111,33
3527,15－16歲未滿,女性,111,1
3528,16－17歲未滿,性別合計,111,79
3529,16－17歲未滿,男性,111,67
3530,16－17歲未滿,女性,111,12
3531,17－18歲未滿,性別合計,111,127
3532,17－18歲未滿,男性,111,120
3533,17－18歲未滿,女性,111,7
3534,18歲以上,性別合計,111,356
3535,18歲以上,男性,111,342
3536,18歲以上,女性,111,14
3537,少年犯年齡合計,性別合計,111,603
3538,少年犯年齡合計,男性,111,549
3539,少年犯年齡合計,女性,111,54
3540,12歲未滿,性別合計,111,0
3541,12歲未滿,男性,111,0
3542,12歲未滿,女性,111,0
3543,12－13歲未滿,性別合計,111,0
3544,12－13歲未滿,男性,111,0
3545,12－13歲未滿,女性,111,0
3546,13－14歲未滿,性別合計,111,0
3547,13－14歲未滿,男性,111,0
3548,13－14歲未滿,女性,111,0
3549,14－15歲未滿,性別合計,111,8
3550,14－15歲未滿,男性,111,7
3551,14－15歲未滿,女性,111,1
3552,15－16歲未滿,性別合計,111,39
3553,15－16歲未滿,男性,111,31
3554,15－16歲未滿,女性,111,8
3555,16－17歲未滿,性別合計,111,89
3556,16－17歲未滿,男性,111,79
3557,16－17歲未滿,女性,111,10
3558,17－18歲未滿,性別合計,111,128
3559,17－18歲未滿,男性,111,114
3560,17－18歲未滿,女性,111,14
3561,18歲以上,性別合計,111,339
3562,18歲以上,男性,111,318
3563,18歲以上,女性,111,21
3564,少年犯年齡合計,性別合計,111,599
3565,少年犯年齡合計,男性,111,544
3566,少年犯年齡合計,女性,111,55
3567,12歲未滿,性別合計,111,0
3568,12歲未滿,男性,111,0
3569,12歲未滿,女性,111,0
3570,12－13歲未滿,性別合計,111,0
3571,12－13歲未滿,男性,111,0
3572,12－13歲未滿,女性,111,0
3573,13－14歲未滿,性別合計,111,0
3574,13－14歲未滿,男性,111,0
3575,13－14歲未滿,女性,111,0
3576,14－15歲未滿,性別合計,111,8
3577,14－15歲未滿,男性,111,7
3578,14－15歲未滿,女性,111,1
3579,15－16歲未滿,性別合計,111,39
3580,15－16歲未滿,男性,111,31
3581,15－16歲未滿,女性,111,8
3582,16－17歲未滿,性別合計,111,84
3583,16－17歲未滿,男性,111,74
3584,16－17歲未滿,女性,111,10
3585,17－18歲未滿,性別合計,111,127
3586,17－18歲未滿,男性,111,112
3587,17－18歲未滿,女性,111,15
3588,18歲以上,性別合計,111,341
3589,18歲以上,男性,111,320
3590,18歲以上,女性,111,21
3591,少年犯年齡合計,性別合計,111,607
3592,少年犯年齡合計,男性,111,554
3593,少年犯年齡合計,女性,111,53
3594,12歲未滿,性別合計,111,0
3595,12歲未滿,男性,111,0
3596,12歲未滿,女性,111,0
3597,12－13歲未滿,性別合計,111,0
3598,12－13歲未滿,男性,111,0
3599,12－13歲未滿,女性,111,0
3600,13－14歲未滿,性別合計,111,0
3601,13－14歲未滿,男性,111,0
3602,13－14歲未滿,女性,111,0
3603,14－15歲未滿,性別合計,111,6
3604,14－15歲未滿,男性,111,5
3605,14－15歲未滿,女性,111,1
3606,15－16歲未滿,性別合計,111,42
3607,15－16歲未滿,男性,111,34
3608,15－16歲未滿,女性,111,8
3609,16－17歲未滿,性別合計,111,86
3610,16－17歲未滿,男性,111,78
3611,16－17歲未滿,女性,111,8
3612,17－18歲未滿,性別合計,111,120
3613,17－18歲未滿,男性,111,106
3614,17－18歲未滿,女性,111,14
3615,18歲以上,性別合計,111,353
3616,18歲以上,男性,111,331
3617,18歲以上,女性,111,22
3618,少年犯年齡合計,性別合計,111,615
3619,少年犯年齡合計,男性,111,560
3620,少年犯年齡合計,女性,111,55
3621,12歲未滿,性別合計,111,0
3622,12歲未滿,男性,111,0
3623,12歲未滿,女性,111,0
3624,12－13歲未滿,性別合計,111,0
3625,12－13歲未滿,男性,111,0
3626,12－13歲未滿,女性,111,0
3627,13－14歲未滿,性別合計,111,0
3628,13－14歲未滿,男性,111,0
3629,13－14歲未滿,女性,111,0
3630,14－15歲未滿,性別合計,111,7
3631,14－15歲未滿,男性,111,6
3632,14－15歲未滿,女性,111,1
3633,15－16歲未滿,性別合計,111,39
3634,15－16歲未滿,男性,111,33
3635,15－16歲未滿,女性,111,6
3636,16－17歲未滿,性別合計,111,91
3637,16－17歲未滿,男性,111,79
3638,16－17歲未滿,女性,111,12
3639,17－18歲未滿,性別合計,111,125
3640,17－18歲未滿,男性,111,112
3641,17－18歲未滿,女性,111,13
3642,18歲以上,性別合計,111,353
3643,18歲以上,男性,111,330
3644,18歲以上,女性,111,23
3645,少年犯年齡合計,性別合計,111,626
3646,少年犯年齡合計,男性,111,572
3647,少年犯年齡合計,女性,111,54
3648,12歲未滿,性別合計,111,0
3649,12歲未滿,男性,111,0
3650,12歲未滿,女性,111,0
3651,12－13歲未滿,性別合計,111,0
3652,12－13歲未滿,男性,111,0
3653,12－13歲未滿,女性,111,0
3654,13－14歲未滿,性別合計,111,0
3655,13－14歲未滿,男性,111,0
3656,13－14歲未滿,女性,111,0
3657,14－15歲未滿,性別合計,111,7
3658,14－15歲未滿,男性,111,6
3659,14－15歲未滿,女性,111,1
3660,15－16歲未滿,性別合計,111,39
3661,15－16歲未滿,男性,111,33
3662,15－16歲未滿,女性,111,6
3663,16－17歲未滿,性別合計,111,91
3664,16－17歲未滿,男性,111,80
3665,16－17歲未滿,女性,111,11
3666,17－18歲未滿,性別合計,111,129
3667,17－18歲未滿,男性,111,117
3668,17－18歲未滿,女性,111,12
3669,18歲以上,性別合計,111,360
3670,18歲以上,男性,111,336
3671,18歲以上,女性,111,24
3672,少年犯年齡合計,性別合計,111,645
3673,少年犯年齡合計,男性,111,591
3674,少年犯年齡合計,女性,111,54
3675,12歲未滿,性別合計,111,0
3676,12歲未滿,男性,111,0
3677,12歲未滿,女性,111,0
3678,12－13歲未滿,性別合計,111,0
3679,12－13歲未滿,男性,111,0
3680,12－13歲未滿,女性,111,0
3681,13－14歲未滿,性別合計,111,0
3682,13－14歲未滿,男性,111,0
3683,13－14歲未滿,女性,111,0
3684,14－15歲未滿,性別合計,111,6
3685,14－15歲未滿,男性,111,5
3686,14－15歲未滿,女性,111,1
3687,15－16歲未滿,性別合計,111,41
3688,15－16歲未滿,男性,111,36
3689,15－16歲未滿,女性,111,5
3690,16－17歲未滿,性別合計,111,79
3691,16－17歲未滿,男性,111,68
3692,16－17歲未滿,女性,111,11
3693,17－18歲未滿,性別合計,111,141
3694,17－18歲未滿,男性,111,129
3695,17－18歲未滿,女性,111,12
3696,18歲以上,性別合計,111,378
3697,18歲以上,男性,111,353
3698,18歲以上,女性,111,25
3699,少年犯年齡合計,性別合計,111,608
3700,少年犯年齡合計,男性,111,560
3701,少年犯年齡合計,女性,111,48
3702,12歲未滿,性別合計,111,0
3703,12歲未滿,男性,111,0
3704,12歲未滿,女性,111,0
3705,12－13歲未滿,性別合計,111,0
3706,12－13歲未滿,男性,111,0
3707,12－13歲未滿,女性,111,0
3708,13－14歲未滿,性別合計,111,0
3709,13－14歲未滿,男性,111,0
3710,13－14歲未滿,女性,111,0
3711,14－15歲未滿,性別合計,111,6
3712,14－15歲未滿,男性,111,5
3713,14－15歲未滿,女性,111,1
3714,15－16歲未滿,性別合計,111,37
3715,15－16歲未滿,男性,111,33
3716,15－16歲未滿,女性,111,4
3717,16－17歲未滿,性別合計,111,77
3718,16－17歲未滿,男性,111,68
3719,16－17歲未滿,女性,111,9
3720,17－18歲未滿,性別合計,111,132
3721,17－18歲未滿,男性,111,121
3722,17－18歲未滿,女性,111,11
3723,18歲以上,性別合計,111,356
3724,18歲以上,男性,111,333
3725,18歲以上,女性,111,23
3726,少年犯年齡合計,性別合計,111,590
3727,少年犯年齡合計,男性,111,548
3728,少年犯年齡合計,女性,111,42
3729,12歲未滿,性別合計,111,0
3730,12歲未滿,男性,111,0
3731,12歲未滿,女性,111,0
3732,12－13歲未滿,性別合計,111,0
3733,12－13歲未滿,男性,111,0
3734,12－13歲未滿,女性,111,0
3735,13－14歲未滿,性別合計,111,0
3736,13－14歲未滿,男性,111,0
3737,13－14歲未滿,女性,111,0
3738,14－15歲未滿,性別合計,111,8
3739,14－15歲未滿,男性,111,7
3740,14－15歲未滿,女性,111,1
3741,15－16歲未滿,性別合計,111,37
3742,15－16歲未滿,男性,111,32
3743,15－16歲未滿,女性,111,5
3744,16－17歲未滿,性別合計,111,80
3745,16－17歲未滿,男性,111,71
3746,16－17歲未滿,女性,111,9
3747,17－18歲未滿,性別合計,111,129
3748,17－18歲未滿,男性,111,118
3749,17－18歲未滿,女性,111,11
3750,18歲以上,性別合計,111,336
3751,18歲以上,男性,111,320
3752,18歲以上,女性,111,16
3753,少年犯年齡合計,性別合計,111,585
3754,少年犯年齡合計,男性,111,547
3755,少年犯年齡合計,女性,111,38
3756,12歲未滿,性別合計,111,0
3757,12歲未滿,男性,111,0
3758,12歲未滿,女性,111,0
3759,12－13歲未滿,性別合計,111,0
3760,12－13歲未滿,男性,111,0
3761,12－13歲未滿,女性,111,0
3762,13－14歲未滿,性別合計,111,1
3763,13－14歲未滿,男性,111,1
3764,13－14歲未滿,女性,111,0
3765,14－15歲未滿,性別合計,111,10
3766,14－15歲未滿,男性,111,9
3767,14－15歲未滿,女性,111,1
3768,15－16歲未滿,性別合計,111,36
3769,15－16歲未滿,男性,111,32
3770,15－16歲未滿,女性,111,4
3771,16－17歲未滿,性別合計,111,78
3772,16－17歲未滿,男性,111,69
3773,16－17歲未滿,女性,111,9
3774,17－18歲未滿,性別合計,111,118
3775,17－18歲未滿,男性,111,110
3776,17－18歲未滿,女性,111,8
3777,18歲以上,性別合計,111,342
3778,18歲以上,男性,111,326
3779,18歲以上,女性,111,16
3780,少年犯年齡合計,性別合計,111,582
3781,少年犯年齡合計,男性,111,542
3782,少年犯年齡合計,女性,111,40
3783,12歲未滿,性別合計,111,0
3784,12歲未滿,男性,111,0
3785,12歲未滿,女性,111,0
3786,12－13歲未滿,性別合計,111,0
3787,12－13歲未滿,男性,111,0
3788,12－13歲未滿,女性,111,0
3789,13－14歲未滿,性別合計,111,1
3790,13－14歲未滿,男性,111,1
3791,13－14歲未滿,女性,111,0
3792,14－15歲未滿,性別合計,111,10
3793,14－15歲未滿,男性,111,7
3794,14－15歲未滿,女性,111,3
3795,15－16歲未滿,性別合計,111,33
3796,15－16歲未滿,男性,111,30
3797,15－16歲未滿,女性,111,3
3798,16－17歲未滿,性別合計,111,80
3799,16－17歲未滿,男性,111,70
3800,16－17歲未滿,女性,111,10
3801,17－18歲未滿,性別合計,111,114
3802,17－18歲未滿,男性,111,106
3803,17－18歲未滿,女性,111,8
3804,18歲以上,性別合計,111,344
3805,18歲以上,男性,111,328
3806,18歲以上,女性,111,16
3807,少年犯年齡合計,性別合計,111,593
3808,少年犯年齡合計,男性,111,554
3809,少年犯年齡合計,女性,111,39
3810,12歲未滿,性別合計,111,0
3811,12歲未滿,男性,111,0
3812,12歲未滿,女性,111,0
3813,12－13歲未滿,性別合計,111,0
3814,12－13歲未滿,男性,111,0
3815,12－13歲未滿,女性,111,0
3816,13－14歲未滿,性別合計,111,1
3817,13－14歲未滿,男性,111,1
3818,13－14歲未滿,女性,111,0
3819,14－15歲未滿,性別合計,111,9
3820,14－15歲未滿,男性,111,7
3821,14－15歲未滿,女性,111,2
3822,15－16歲未滿,性別合計,111,32
3823,15－16歲未滿,男性,111,28
3824,15－16歲未滿,女性,111,4
3825,16－17歲未滿,性別合計,111,79
3826,16－17歲未滿,男性,111,70
3827,16－17歲未滿,女性,111,9
3828,17－18歲未滿,性別合計,111,121
3829,17－18歲未滿,男性,111,113
3830,17－18歲未滿,女性,111,8
3831,18歲以上,性別合計,111,351
3832,18歲以上,男性,111,335
3833,18歲以上,女性,111,16
3834,少年犯年齡合計,性別合計,111,605
3835,少年犯年齡合計,男性,111,569
3836,少年犯年齡合計,女性,111,36
3837,12歲未滿,性別合計,111,0
3838,12歲未滿,男性,111,0
3839,12歲未滿,女性,111,0
3840,12－13歲未滿,性別合計,111,0
3841,12－13歲未滿,男性,111,0
3842,12－13歲未滿,女性,111,0
3843,13－14歲未滿,性別合計,111,1
3844,13－14歲未滿,男性,111,1
3845,13－14歲未滿,女性,111,0
3846,14－15歲未滿,性別合計,111,8
3847,14－15歲未滿,男性,111,6
3848,14－15歲未滿,女性,111,2
3849,15－16歲未滿,性別合計,111,34
3850,15－16歲未滿,男性,111,33
3851,15－16歲未滿,女性,111,1
3852,16－17歲未滿,性別合計,111,79
3853,16－17歲未滿,男性,111,67
3854,16－17歲未滿,女性,111,12
3855,17－18歲未滿,性別合計,111,127
3856,17－18歲未滿,男性,111,120
3857,17－18歲未滿,女性,111,7
3858,18歲以上,性別合計,111,356
3859,18歲以上,男性,111,342
3860,18歲以上,女性,111,14
3861,少年犯年齡合計,性別合計,112,588
3862,少年犯年齡合計,男性,112,553
3863,少年犯年齡合計,女性,112,35
3864,12歲未滿,性別合計,112,0
3865,12歲未滿,男性,112,0
3866,12歲未滿,女性,112,0
3867,12－13歲未滿,性別合計,112,0
3868,12－13歲未滿,男性,112,0
3869,12－13歲未滿,女性,112,0
3870,13－14歲未滿,性別合計,112,1
3871,13－14歲未滿,男性,112,1
3872,13－14歲未滿,女性,112,0
3873,14－15歲未滿,性別合計,112,6
3874,14－15歲未滿,男性,112,5
3875,14－15歲未滿,女性,112,1
3876,15－16歲未滿,性別合計,112,32
3877,15－16歲未滿,男性,112,31
3878,15－16歲未滿,女性,112,1
3879,16－17歲未滿,性別合計,112,79
3880,16－17歲未滿,男性,112,68
3881,16－17歲未滿,女性,112,11
3882,17－18歲未滿,性別合計,112,125
3883,17－18歲未滿,男性,112,119
3884,17－18歲未滿,女性,112,6
3885,18歲以上,性別合計,112,345
3886,18歲以上,男性,112,329
3887,18歲以上,女性,112,16
