少年犯年齡,性別,日期,統計值
少年犯年齡合計,性別合計,101,1217
少年犯年齡合計,男性,101,1063
少年犯年齡合計,女性,101,154
12歲未滿,性別合計,101,0
12歲未滿,男性,101,0
12歲未滿,女性,101,0
12－13歲未滿,性別合計,101,1
12－13歲未滿,男性,101,1
12－13歲未滿,女性,101,0
13－14歲未滿,性別合計,101,15
13－14歲未滿,男性,101,14
13－14歲未滿,女性,101,1
14－15歲未滿,性別合計,101,60
14－15歲未滿,男性,101,53
14－15歲未滿,女性,101,7
15－16歲未滿,性別合計,101,158
15－16歲未滿,男性,101,129
15－16歲未滿,女性,101,29
16－17歲未滿,性別合計,101,212
16－17歲未滿,男性,101,189
16－17歲未滿,女性,101,23
17－18歲未滿,性別合計,101,278
17－18歲未滿,男性,101,240
17－18歲未滿,女性,101,38
18歲以上,性別合計,101,493
18歲以上,男性,101,437
18歲以上,女性,101,56
少年犯年齡合計,性別合計,10101,1077
少年犯年齡合計,男性,10101,929
少年犯年齡合計,女性,10101,148
12歲未滿,性別合計,10101,0
12歲未滿,男性,10101,0
12歲未滿,女性,10101,0
12－13歲未滿,性別合計,10101,4
12－13歲未滿,男性,10101,4
12－13歲未滿,女性,10101,0
13－14歲未滿,性別合計,10101,7
13－14歲未滿,男性,10101,5
13－14歲未滿,女性,10101,2
14－15歲未滿,性別合計,10101,64
14－15歲未滿,男性,10101,52
14－15歲未滿,女性,10101,12
15－16歲未滿,性別合計,10101,148
15－16歲未滿,男性,10101,122
15－16歲未滿,女性,10101,26
16－17歲未滿,性別合計,10101,192
16－17歲未滿,男性,10101,159
16－17歲未滿,女性,10101,33
17－18歲未滿,性別合計,10101,220
17－18歲未滿,男性,10101,197
17－18歲未滿,女性,10101,23
18歲以上,性別合計,10101,442
18歲以上,男性,10101,390
18歲以上,女性,10101,52
少年犯年齡合計,性別合計,10102,1122
少年犯年齡合計,男性,10102,970
少年犯年齡合計,女性,10102,152
12歲未滿,性別合計,10102,0
12歲未滿,男性,10102,0
12歲未滿,女性,10102,0
12－13歲未滿,性別合計,10102,4
12－13歲未滿,男性,10102,4
12－13歲未滿,女性,10102,0
13－14歲未滿,性別合計,10102,10
13－14歲未滿,男性,10102,10
13－14歲未滿,女性,10102,0
14－15歲未滿,性別合計,10102,62
14－15歲未滿,男性,10102,50
14－15歲未滿,女性,10102,12
15－16歲未滿,性別合計,10102,166
15－16歲未滿,男性,10102,136
15－16歲未滿,女性,10102,30
16－17歲未滿,性別合計,10102,198
16－17歲未滿,男性,10102,166
16－17歲未滿,女性,10102,32
17－18歲未滿,性別合計,10102,236
17－18歲未滿,男性,10102,211
17－18歲未滿,女性,10102,25
18歲以上,性別合計,10102,446
18歲以上,男性,10102,393
18歲以上,女性,10102,53
少年犯年齡合計,性別合計,10103,1125
少年犯年齡合計,男性,10103,965
少年犯年齡合計,女性,10103,160
12歲未滿,性別合計,10103,0
12歲未滿,男性,10103,0
12歲未滿,女性,10103,0
12－13歲未滿,性別合計,10103,3
12－13歲未滿,男性,10103,3
12－13歲未滿,女性,10103,0
13－14歲未滿,性別合計,10103,9
13－14歲未滿,男性,10103,9
13－14歲未滿,女性,10103,0
14－15歲未滿,性別合計,10103,69
14－15歲未滿,男性,10103,53
14－15歲未滿,女性,10103,16
15－16歲未滿,性別合計,10103,159
15－16歲未滿,男性,10103,129
15－16歲未滿,女性,10103,30
16－17歲未滿,性別合計,10103,196
16－17歲未滿,男性,10103,162
16－17歲未滿,女性,10103,34
17－18歲未滿,性別合計,10103,244
17－18歲未滿,男性,10103,216
17－18歲未滿,女性,10103,28
18歲以上,性別合計,10103,445
18歲以上,男性,10103,393
18歲以上,女性,10103,52
少年犯年齡合計,性別合計,10104,1141
少年犯年齡合計,男性,10104,977
少年犯年齡合計,女性,10104,164
12歲未滿,性別合計,10104,0
12歲未滿,男性,10104,0
12歲未滿,女性,10104,0
12－13歲未滿,性別合計,10104,3
12－13歲未滿,男性,10104,3
12－13歲未滿,女性,10104,0
13－14歲未滿,性別合計,10104,11
13－14歲未滿,男性,10104,11
13－14歲未滿,女性,10104,0
14－15歲未滿,性別合計,10104,73
14－15歲未滿,男性,10104,59
14－15歲未滿,女性,10104,14
15－16歲未滿,性別合計,10104,154
15－16歲未滿,男性,10104,125
15－16歲未滿,女性,10104,29
16－17歲未滿,性別合計,10104,205
16－17歲未滿,男性,10104,172
16－17歲未滿,女性,10104,33
17－18歲未滿,性別合計,10104,241
17－18歲未滿,男性,10104,211
17－18歲未滿,女性,10104,30
18歲以上,性別合計,10104,454
18歲以上,男性,10104,396
18歲以上,女性,10104,58
少年犯年齡合計,性別合計,10105,1181
少年犯年齡合計,男性,10105,1010
少年犯年齡合計,女性,10105,171
12歲未滿,性別合計,10105,0
12歲未滿,男性,10105,0
12歲未滿,女性,10105,0
12－13歲未滿,性別合計,10105,2
12－13歲未滿,男性,10105,2
12－13歲未滿,女性,10105,0
13－14歲未滿,性別合計,10105,12
13－14歲未滿,男性,10105,12
13－14歲未滿,女性,10105,0
14－15歲未滿,性別合計,10105,76
14－15歲未滿,男性,10105,61
14－15歲未滿,女性,10105,15
15－16歲未滿,性別合計,10105,158
15－16歲未滿,男性,10105,133
15－16歲未滿,女性,10105,25
16－17歲未滿,性別合計,10105,205
16－17歲未滿,男性,10105,173
16－17歲未滿,女性,10105,32
17－18歲未滿,性別合計,10105,248
17－18歲未滿,男性,10105,213
17－18歲未滿,女性,10105,35
18歲以上,性別合計,10105,480
18歲以上,男性,10105,416
18歲以上,女性,10105,64
少年犯年齡合計,性別合計,10106,1203
少年犯年齡合計,男性,10106,1022
少年犯年齡合計,女性,10106,181
12歲未滿,性別合計,10106,0
12歲未滿,男性,10106,0
12歲未滿,女性,10106,0
12－13歲未滿,性別合計,10106,1
12－13歲未滿,男性,10106,1
12－13歲未滿,女性,10106,0
13－14歲未滿,性別合計,10106,11
13－14歲未滿,男性,10106,11
13－14歲未滿,女性,10106,0
14－15歲未滿,性別合計,10106,78
14－15歲未滿,男性,10106,65
14－15歲未滿,女性,10106,13
15－16歲未滿,性別合計,10106,157
15－16歲未滿,男性,10106,129
15－16歲未滿,女性,10106,28
16－17歲未滿,性別合計,10106,199
16－17歲未滿,男性,10106,166
16－17歲未滿,女性,10106,33
17－18歲未滿,性別合計,10106,260
17－18歲未滿,男性,10106,221
17－18歲未滿,女性,10106,39
18歲以上,性別合計,10106,497
18歲以上,男性,10106,429
18歲以上,女性,10106,68
少年犯年齡合計,性別合計,10107,1194
少年犯年齡合計,男性,10107,1016
少年犯年齡合計,女性,10107,178
12歲未滿,性別合計,10107,0
12歲未滿,男性,10107,0
12歲未滿,女性,10107,0
12－13歲未滿,性別合計,10107,0
12－13歲未滿,男性,10107,0
12－13歲未滿,女性,10107,0
13－14歲未滿,性別合計,10107,12
13－14歲未滿,男性,10107,12
13－14歲未滿,女性,10107,0
14－15歲未滿,性別合計,10107,84
14－15歲未滿,男性,10107,68
14－15歲未滿,女性,10107,16
15－16歲未滿,性別合計,10107,152
15－16歲未滿,男性,10107,128
15－16歲未滿,女性,10107,24
16－17歲未滿,性別合計,10107,198
16－17歲未滿,男性,10107,164
16－17歲未滿,女性,10107,34
17－18歲未滿,性別合計,10107,263
17－18歲未滿,男性,10107,220
17－18歲未滿,女性,10107,43
18歲以上,性別合計,10107,485
18歲以上,男性,10107,424
18歲以上,女性,10107,61
少年犯年齡合計,性別合計,10108,1181
少年犯年齡合計,男性,10108,1012
少年犯年齡合計,女性,10108,169
12歲未滿,性別合計,10108,0
12歲未滿,男性,10108,0
12歲未滿,女性,10108,0
12－13歲未滿,性別合計,10108,0
12－13歲未滿,男性,10108,0
12－13歲未滿,女性,10108,0
13－14歲未滿,性別合計,10108,14
13－14歲未滿,男性,10108,12
13－14歲未滿,女性,10108,2
14－15歲未滿,性別合計,10108,83
14－15歲未滿,男性,10108,67
14－15歲未滿,女性,10108,16
15－16歲未滿,性別合計,10108,151
15－16歲未滿,男性,10108,130
15－16歲未滿,女性,10108,21
16－17歲未滿,性別合計,10108,208
16－17歲未滿,男性,10108,173
16－17歲未滿,女性,10108,35
17－18歲未滿,性別合計,10108,257
17－18歲未滿,男性,10108,217
17－18歲未滿,女性,10108,40
18歲以上,性別合計,10108,468
18歲以上,男性,10108,413
18歲以上,女性,10108,55
少年犯年齡合計,性別合計,10109,1161
少年犯年齡合計,男性,10109,1002
少年犯年齡合計,女性,10109,159
12歲未滿,性別合計,10109,0
12歲未滿,男性,10109,0
12歲未滿,女性,10109,0
12－13歲未滿,性別合計,10109,0
12－13歲未滿,男性,10109,0
12－13歲未滿,女性,10109,0
13－14歲未滿,性別合計,10109,14
13－14歲未滿,男性,10109,12
13－14歲未滿,女性,10109,2
14－15歲未滿,性別合計,10109,77
14－15歲未滿,男性,10109,66
14－15歲未滿,女性,10109,11
15－16歲未滿,性別合計,10109,151
15－16歲未滿,男性,10109,125
15－16歲未滿,女性,10109,26
16－17歲未滿,性別合計,10109,206
16－17歲未滿,男性,10109,175
16－17歲未滿,女性,10109,31
17－18歲未滿,性別合計,10109,251
17－18歲未滿,男性,10109,214
17－18歲未滿,女性,10109,37
18歲以上,性別合計,10109,462
18歲以上,男性,10109,410
18歲以上,女性,10109,52
少年犯年齡合計,性別合計,10110,1170
少年犯年齡合計,男性,10110,1006
少年犯年齡合計,女性,10110,164
12歲未滿,性別合計,10110,0
12歲未滿,男性,10110,0
12歲未滿,女性,10110,0
12－13歲未滿,性別合計,10110,0
12－13歲未滿,男性,10110,0
12－13歲未滿,女性,10110,0
13－14歲未滿,性別合計,10110,14
13－14歲未滿,男性,10110,13
13－14歲未滿,女性,10110,1
14－15歲未滿,性別合計,10110,78
14－15歲未滿,男性,10110,66
14－15歲未滿,女性,10110,12
15－16歲未滿,性別合計,10110,144
15－16歲未滿,男性,10110,116
15－16歲未滿,女性,10110,28
16－17歲未滿,性別合計,10110,210
16－17歲未滿,男性,10110,181
16－17歲未滿,女性,10110,29
17－18歲未滿,性別合計,10110,257
17－18歲未滿,男性,10110,219
17－18歲未滿,女性,10110,38
18歲以上,性別合計,10110,467
18歲以上,男性,10110,411
18歲以上,女性,10110,56
少年犯年齡合計,性別合計,10111,1178
少年犯年齡合計,男性,10111,1024
少年犯年齡合計,女性,10111,154
12歲未滿,性別合計,10111,0
12歲未滿,男性,10111,0
12歲未滿,女性,10111,0
12－13歲未滿,性別合計,10111,1
12－13歲未滿,男性,10111,1
12－13歲未滿,女性,10111,0
13－14歲未滿,性別合計,10111,13
13－14歲未滿,男性,10111,12
13－14歲未滿,女性,10111,1
14－15歲未滿,性別合計,10111,65
14－15歲未滿,男性,10111,58
14－15歲未滿,女性,10111,7
15－16歲未滿,性別合計,10111,153
15－16歲未滿,男性,10111,122
15－16歲未滿,女性,10111,31
16－17歲未滿,性別合計,10111,206
16－17歲未滿,男性,10111,182
16－17歲未滿,女性,10111,24
17－18歲未滿,性別合計,10111,273
17－18歲未滿,男性,10111,237
17－18歲未滿,女性,10111,36
18歲以上,性別合計,10111,467
18歲以上,男性,10111,412
18歲以上,女性,10111,55
少年犯年齡合計,性別合計,10112,1217
少年犯年齡合計,男性,10112,1063
少年犯年齡合計,女性,10112,154
12歲未滿,性別合計,10112,0
12歲未滿,男性,10112,0
12歲未滿,女性,10112,0
12－13歲未滿,性別合計,10112,1
12－13歲未滿,男性,10112,1
12－13歲未滿,女性,10112,0
13－14歲未滿,性別合計,10112,15
13－14歲未滿,男性,10112,14
13－14歲未滿,女性,10112,1
14－15歲未滿,性別合計,10112,60
14－15歲未滿,男性,10112,53
14－15歲未滿,女性,10112,7
15－16歲未滿,性別合計,10112,158
15－16歲未滿,男性,10112,129
15－16歲未滿,女性,10112,29
16－17歲未滿,性別合計,10112,212
16－17歲未滿,男性,10112,189
16－17歲未滿,女性,10112,23
17－18歲未滿,性別合計,10112,278
17－18歲未滿,男性,10112,240
17－18歲未滿,女性,10112,38
18歲以上,性別合計,10112,493
18歲以上,男性,10112,437
18歲以上,女性,10112,56
少年犯年齡合計,性別合計,102,1270
少年犯年齡合計,男性,102,1071
少年犯年齡合計,女性,102,199
12歲未滿,性別合計,102,0
12歲未滿,男性,102,0
12歲未滿,女性,102,0
12－13歲未滿,性別合計,102,1
12－13歲未滿,男性,102,1
12－13歲未滿,女性,102,0
13－14歲未滿,性別合計,102,11
13－14歲未滿,男性,102,10
13－14歲未滿,女性,102,1
14－15歲未滿,性別合計,102,48
14－15歲未滿,男性,102,36
14－15歲未滿,女性,102,12
15－16歲未滿,性別合計,102,124
15－16歲未滿,男性,102,102
15－16歲未滿,女性,102,22
16－17歲未滿,性別合計,102,224
16－17歲未滿,男性,102,181
16－17歲未滿,女性,102,43
17－18歲未滿,性別合計,102,278
17－18歲未滿,男性,102,240
17－18歲未滿,女性,102,38
18歲以上,性別合計,102,584
18歲以上,男性,102,501
18歲以上,女性,102,83
少年犯年齡合計,性別合計,10201,1199
少年犯年齡合計,男性,10201,1055
少年犯年齡合計,女性,10201,144
12歲未滿,性別合計,10201,0
12歲未滿,男性,10201,0
12歲未滿,女性,10201,0
12－13歲未滿,性別合計,10201,1
12－13歲未滿,男性,10201,1
12－13歲未滿,女性,10201,0
13－14歲未滿,性別合計,10201,14
13－14歲未滿,男性,10201,13
13－14歲未滿,女性,10201,1
14－15歲未滿,性別合計,10201,69
14－15歲未滿,男性,10201,59
14－15歲未滿,女性,10201,10
15－16歲未滿,性別合計,10201,148
15－16歲未滿,男性,10201,126
15－16歲未滿,女性,10201,22
16－17歲未滿,性別合計,10201,194
16－17歲未滿,男性,10201,170
16－17歲未滿,女性,10201,24
17－18歲未滿,性別合計,10201,288
17－18歲未滿,男性,10201,255
17－18歲未滿,女性,10201,33
18歲以上,性別合計,10201,485
18歲以上,男性,10201,431
18歲以上,女性,10201,54
少年犯年齡合計,性別合計,10202,1192
少年犯年齡合計,男性,10202,1046
少年犯年齡合計,女性,10202,146
12歲未滿,性別合計,10202,0
12歲未滿,男性,10202,0
12歲未滿,女性,10202,0
12－13歲未滿,性別合計,10202,1
12－13歲未滿,男性,10202,1
12－13歲未滿,女性,10202,0
13－14歲未滿,性別合計,10202,16
13－14歲未滿,男性,10202,16
13－14歲未滿,女性,10202,0
14－15歲未滿,性別合計,10202,65
14－15歲未滿,男性,10202,55
14－15歲未滿,女性,10202,10
15－16歲未滿,性別合計,10202,150
15－16歲未滿,男性,10202,122
15－16歲未滿,女性,10202,28
16－17歲未滿,性別合計,10202,194
16－17歲未滿,男性,10202,172
16－17歲未滿,女性,10202,22
17－18歲未滿,性別合計,10202,283
17－18歲未滿,男性,10202,248
17－18歲未滿,女性,10202,35
18歲以上,性別合計,10202,483
18歲以上,男性,10202,432
18歲以上,女性,10202,51
少年犯年齡合計,性別合計,10203,1205
少年犯年齡合計,男性,10203,1054
少年犯年齡合計,女性,10203,151
12歲未滿,性別合計,10203,0
12歲未滿,男性,10203,0
12歲未滿,女性,10203,0
12－13歲未滿,性別合計,10203,1
12－13歲未滿,男性,10203,1
12－13歲未滿,女性,10203,0
13－14歲未滿,性別合計,10203,17
13－14歲未滿,男性,10203,16
13－14歲未滿,女性,10203,1
14－15歲未滿,性別合計,10203,57
14－15歲未滿,男性,10203,51
14－15歲未滿,女性,10203,6
15－16歲未滿,性別合計,10203,157
15－16歲未滿,男性,10203,123
15－16歲未滿,女性,10203,34
16－17歲未滿,性別合計,10203,199
16－17歲未滿,男性,10203,174
16－17歲未滿,女性,10203,25
17－18歲未滿,性別合計,10203,274
17－18歲未滿,男性,10203,245
17－18歲未滿,女性,10203,29
18歲以上,性別合計,10203,500
18歲以上,男性,10203,444
18歲以上,女性,10203,56
少年犯年齡合計,性別合計,10204,1222
少年犯年齡合計,男性,10204,1061
少年犯年齡合計,女性,10204,161
12歲未滿,性別合計,10204,0
12歲未滿,男性,10204,0
12歲未滿,女性,10204,0
12－13歲未滿,性別合計,10204,1
12－13歲未滿,男性,10204,1
12－13歲未滿,女性,10204,0
13－14歲未滿,性別合計,10204,19
13－14歲未滿,男性,10204,15
13－14歲未滿,女性,10204,4
14－15歲未滿,性別合計,10204,54
14－15歲未滿,男性,10204,45
14－15歲未滿,女性,10204,9
15－16歲未滿,性別合計,10204,161
15－16歲未滿,男性,10204,125
15－16歲未滿,女性,10204,36
16－17歲未滿,性別合計,10204,201
16－17歲未滿,男性,10204,175
16－17歲未滿,女性,10204,26
17－18歲未滿,性別合計,10204,265
17－18歲未滿,男性,10204,238
17－18歲未滿,女性,10204,27
18歲以上,性別合計,10204,521
18歲以上,男性,10204,462
18歲以上,女性,10204,59
少年犯年齡合計,性別合計,10205,1275
少年犯年齡合計,男性,10205,1105
少年犯年齡合計,女性,10205,170
12歲未滿,性別合計,10205,0
12歲未滿,男性,10205,0
12歲未滿,女性,10205,0
12－13歲未滿,性別合計,10205,1
12－13歲未滿,男性,10205,1
12－13歲未滿,女性,10205,0
13－14歲未滿,性別合計,10205,15
13－14歲未滿,男性,10205,12
13－14歲未滿,女性,10205,3
14－15歲未滿,性別合計,10205,61
14－15歲未滿,男性,10205,50
14－15歲未滿,女性,10205,11
15－16歲未滿,性別合計,10205,156
15－16歲未滿,男性,10205,124
15－16歲未滿,女性,10205,32
16－17歲未滿,性別合計,10205,216
16－17歲未滿,男性,10205,186
16－17歲未滿,女性,10205,30
17－18歲未滿,性別合計,10205,272
17－18歲未滿,男性,10205,243
17－18歲未滿,女性,10205,29
18歲以上,性別合計,10205,554
18歲以上,男性,10205,489
18歲以上,女性,10205,65
少年犯年齡合計,性別合計,10206,1292
少年犯年齡合計,男性,10206,1108
少年犯年齡合計,女性,10206,184
12歲未滿,性別合計,10206,0
12歲未滿,男性,10206,0
12歲未滿,女性,10206,0
12－13歲未滿,性別合計,10206,3
12－13歲未滿,男性,10206,3
12－13歲未滿,女性,10206,0
13－14歲未滿,性別合計,10206,12
13－14歲未滿,男性,10206,10
13－14歲未滿,女性,10206,2
14－15歲未滿,性別合計,10206,63
14－15歲未滿,男性,10206,52
14－15歲未滿,女性,10206,11
15－16歲未滿,性別合計,10206,148
15－16歲未滿,男性,10206,116
15－16歲未滿,女性,10206,32
16－17歲未滿,性別合計,10206,229
16－17歲未滿,男性,10206,193
16－17歲未滿,女性,10206,36
17－18歲未滿,性別合計,10206,278
17－18歲未滿,男性,10206,244
17－18歲未滿,女性,10206,34
18歲以上,性別合計,10206,559
18歲以上,男性,10206,490
18歲以上,女性,10206,69
少年犯年齡合計,性別合計,10207,1295
少年犯年齡合計,男性,10207,1110
少年犯年齡合計,女性,10207,185
12歲未滿,性別合計,10207,0
12歲未滿,男性,10207,0
12歲未滿,女性,10207,0
12－13歲未滿,性別合計,10207,3
12－13歲未滿,男性,10207,3
12－13歲未滿,女性,10207,0
13－14歲未滿,性別合計,10207,10
13－14歲未滿,男性,10207,8
13－14歲未滿,女性,10207,2
14－15歲未滿,性別合計,10207,61
14－15歲未滿,男性,10207,50
14－15歲未滿,女性,10207,11
15－16歲未滿,性別合計,10207,155
15－16歲未滿,男性,10207,121
15－16歲未滿,女性,10207,34
16－17歲未滿,性別合計,10207,223
16－17歲未滿,男性,10207,186
16－17歲未滿,女性,10207,37
17－18歲未滿,性別合計,10207,285
17－18歲未滿,男性,10207,252
17－18歲未滿,女性,10207,33
18歲以上,性別合計,10207,558
18歲以上,男性,10207,490
18歲以上,女性,10207,68
少年犯年齡合計,性別合計,10208,1283
少年犯年齡合計,男性,10208,1095
少年犯年齡合計,女性,10208,188
12歲未滿,性別合計,10208,0
12歲未滿,男性,10208,0
12歲未滿,女性,10208,0
12－13歲未滿,性別合計,10208,2
12－13歲未滿,男性,10208,2
12－13歲未滿,女性,10208,0
13－14歲未滿,性別合計,10208,9
13－14歲未滿,男性,10208,6
13－14歲未滿,女性,10208,3
14－15歲未滿,性別合計,10208,60
14－15歲未滿,男性,10208,44
14－15歲未滿,女性,10208,16
15－16歲未滿,性別合計,10208,147
15－16歲未滿,男性,10208,118
15－16歲未滿,女性,10208,29
16－17歲未滿,性別合計,10208,232
16－17歲未滿,男性,10208,194
16－17歲未滿,女性,10208,38
17－18歲未滿,性別合計,10208,288
17－18歲未滿,男性,10208,254
17－18歲未滿,女性,10208,34
18歲以上,性別合計,10208,545
18歲以上,男性,10208,477
18歲以上,女性,10208,68
少年犯年齡合計,性別合計,10209,1284
少年犯年齡合計,男性,10209,1100
少年犯年齡合計,女性,10209,184
12歲未滿,性別合計,10209,0
12歲未滿,男性,10209,0
12歲未滿,女性,10209,0
12－13歲未滿,性別合計,10209,1
12－13歲未滿,男性,10209,1
12－13歲未滿,女性,10209,0
13－14歲未滿,性別合計,10209,10
13－14歲未滿,男性,10209,8
13－14歲未滿,女性,10209,2
14－15歲未滿,性別合計,10209,60
14－15歲未滿,男性,10209,42
14－15歲未滿,女性,10209,18
15－16歲未滿,性別合計,10209,140
15－16歲未滿,男性,10209,114
15－16歲未滿,女性,10209,26
16－17歲未滿,性別合計,10209,222
16－17歲未滿,男性,10209,183
16－17歲未滿,女性,10209,39
17－18歲未滿,性別合計,10209,286
17－18歲未滿,男性,10209,257
17－18歲未滿,女性,10209,29
18歲以上,性別合計,10209,565
18歲以上,男性,10209,495
18歲以上,女性,10209,70
少年犯年齡合計,性別合計,10210,1309
少年犯年齡合計,男性,10210,1116
少年犯年齡合計,女性,10210,193
12歲未滿,性別合計,10210,0
12歲未滿,男性,10210,0
12歲未滿,女性,10210,0
12－13歲未滿,性別合計,10210,1
12－13歲未滿,男性,10210,1
12－13歲未滿,女性,10210,0
13－14歲未滿,性別合計,10210,8
13－14歲未滿,男性,10210,8
13－14歲未滿,女性,10210,0
14－15歲未滿,性別合計,10210,61
14－15歲未滿,男性,10210,44
14－15歲未滿,女性,10210,17
15－16歲未滿,性別合計,10210,136
15－16歲未滿,男性,10210,113
15－16歲未滿,女性,10210,23
16－17歲未滿,性別合計,10210,231
16－17歲未滿,男性,10210,188
16－17歲未滿,女性,10210,43
17－18歲未滿,性別合計,10210,291
17－18歲未滿,男性,10210,259
17－18歲未滿,女性,10210,32
18歲以上,性別合計,10210,581
18歲以上,男性,10210,503
18歲以上,女性,10210,78
少年犯年齡合計,性別合計,10211,1275
少年犯年齡合計,男性,10211,1077
少年犯年齡合計,女性,10211,198
12歲未滿,性別合計,10211,0
12歲未滿,男性,10211,0
12歲未滿,女性,10211,0
12－13歲未滿,性別合計,10211,1
12－13歲未滿,男性,10211,1
12－13歲未滿,女性,10211,0
13－14歲未滿,性別合計,10211,11
13－14歲未滿,男性,10211,10
13－14歲未滿,女性,10211,1
14－15歲未滿,性別合計,10211,51
14－15歲未滿,男性,10211,37
14－15歲未滿,女性,10211,14
15－16歲未滿,性別合計,10211,127
15－16歲未滿,男性,10211,103
15－16歲未滿,女性,10211,24
16－17歲未滿,性別合計,10211,226
16－17歲未滿,男性,10211,183
16－17歲未滿,女性,10211,43
17－18歲未滿,性別合計,10211,279
17－18歲未滿,男性,10211,244
17－18歲未滿,女性,10211,35
18歲以上,性別合計,10211,580
18歲以上,男性,10211,499
18歲以上,女性,10211,81
少年犯年齡合計,性別合計,10212,1270
少年犯年齡合計,男性,10212,1071
少年犯年齡合計,女性,10212,199
12歲未滿,性別合計,10212,0
12歲未滿,男性,10212,0
12歲未滿,女性,10212,0
12－13歲未滿,性別合計,10212,1
12－13歲未滿,男性,10212,1
12－13歲未滿,女性,10212,0
13－14歲未滿,性別合計,10212,11
13－14歲未滿,男性,10212,10
13－14歲未滿,女性,10212,1
14－15歲未滿,性別合計,10212,48
14－15歲未滿,男性,10212,36
14－15歲未滿,女性,10212,12
15－16歲未滿,性別合計,10212,124
15－16歲未滿,男性,10212,102
15－16歲未滿,女性,10212,22
16－17歲未滿,性別合計,10212,224
16－17歲未滿,男性,10212,181
16－17歲未滿,女性,10212,43
17－18歲未滿,性別合計,10212,278
17－18歲未滿,男性,10212,240
17－18歲未滿,女性,10212,38
18歲以上,性別合計,10212,584
18歲以上,男性,10212,501
18歲以上,女性,10212,83
少年犯年齡合計,性別合計,103,1104
少年犯年齡合計,男性,103,967
少年犯年齡合計,女性,103,137
12歲未滿,性別合計,103,0
12歲未滿,男性,103,0
12歲未滿,女性,103,0
12－13歲未滿,性別合計,103,3
12－13歲未滿,男性,103,2
12－13歲未滿,女性,103,1
13－14歲未滿,性別合計,103,4
13－14歲未滿,男性,103,2
13－14歲未滿,女性,103,2
14－15歲未滿,性別合計,103,41
14－15歲未滿,男性,103,33
14－15歲未滿,女性,103,8
15－16歲未滿,性別合計,103,108
15－16歲未滿,男性,103,89
15－16歲未滿,女性,103,19
16－17歲未滿,性別合計,103,160
16－17歲未滿,男性,103,133
16－17歲未滿,女性,103,27
17－18歲未滿,性別合計,103,252
17－18歲未滿,男性,103,225
17－18歲未滿,女性,103,27
18歲以上,性別合計,103,536
18歲以上,男性,103,483
18歲以上,女性,103,53
少年犯年齡合計,性別合計,10301,1217
少年犯年齡合計,男性,10301,1024
少年犯年齡合計,女性,10301,193
12歲未滿,性別合計,10301,1
12歲未滿,男性,10301,1
12歲未滿,女性,10301,0
12－13歲未滿,性別合計,10301,0
12－13歲未滿,男性,10301,0
12－13歲未滿,女性,10301,0
13－14歲未滿,性別合計,10301,14
13－14歲未滿,男性,10301,13
13－14歲未滿,女性,10301,1
14－15歲未滿,性別合計,10301,47
14－15歲未滿,男性,10301,36
14－15歲未滿,女性,10301,11
15－16歲未滿,性別合計,10301,119
15－16歲未滿,男性,10301,99
15－16歲未滿,女性,10301,20
16－17歲未滿,性別合計,10301,209
16－17歲未滿,男性,10301,166
16－17歲未滿,女性,10301,43
17－18歲未滿,性別合計,10301,262
17－18歲未滿,男性,10301,223
17－18歲未滿,女性,10301,39
18歲以上,性別合計,10301,565
18歲以上,男性,10301,486
18歲以上,女性,10301,79
少年犯年齡合計,性別合計,10302,1235
少年犯年齡合計,男性,10302,1041
少年犯年齡合計,女性,10302,194
12歲未滿,性別合計,10302,1
12歲未滿,男性,10302,1
12歲未滿,女性,10302,0
12－13歲未滿,性別合計,10302,0
12－13歲未滿,男性,10302,0
12－13歲未滿,女性,10302,0
13－14歲未滿,性別合計,10302,15
13－14歲未滿,男性,10302,14
13－14歲未滿,女性,10302,1
14－15歲未滿,性別合計,10302,43
14－15歲未滿,男性,10302,31
14－15歲未滿,女性,10302,12
15－16歲未滿,性別合計,10302,113
15－16歲未滿,男性,10302,92
15－16歲未滿,女性,10302,21
16－17歲未滿,性別合計,10302,208
16－17歲未滿,男性,10302,163
16－17歲未滿,女性,10302,45
17－18歲未滿,性別合計,10302,261
17－18歲未滿,男性,10302,231
17－18歲未滿,女性,10302,30
18歲以上,性別合計,10302,594
18歲以上,男性,10302,509
18歲以上,女性,10302,85
少年犯年齡合計,性別合計,10303,1212
少年犯年齡合計,男性,10303,1019
少年犯年齡合計,女性,10303,193
12歲未滿,性別合計,10303,1
12歲未滿,男性,10303,1
12歲未滿,女性,10303,0
12－13歲未滿,性別合計,10303,0
12－13歲未滿,男性,10303,0
12－13歲未滿,女性,10303,0
13－14歲未滿,性別合計,10303,14
13－14歲未滿,男性,10303,13
13－14歲未滿,女性,10303,1
14－15歲未滿,性別合計,10303,41
14－15歲未滿,男性,10303,33
14－15歲未滿,女性,10303,8
15－16歲未滿,性別合計,10303,115
15－16歲未滿,男性,10303,92
15－16歲未滿,女性,10303,23
16－17歲未滿,性別合計,10303,199
16－17歲未滿,男性,10303,155
16－17歲未滿,女性,10303,44
17－18歲未滿,性別合計,10303,264
17－18歲未滿,男性,10303,227
17－18歲未滿,女性,10303,37
18歲以上,性別合計,10303,578
18歲以上,男性,10303,498
18歲以上,女性,10303,80
少年犯年齡合計,性別合計,10304,1198
少年犯年齡合計,男性,10304,1000
少年犯年齡合計,女性,10304,198
12歲未滿,性別合計,10304,0
12歲未滿,男性,10304,0
12歲未滿,女性,10304,0
12－13歲未滿,性別合計,10304,1
12－13歲未滿,男性,10304,1
12－13歲未滿,女性,10304,0
13－14歲未滿,性別合計,10304,14
13－14歲未滿,男性,10304,13
13－14歲未滿,女性,10304,1
14－15歲未滿,性別合計,10304,40
14－15歲未滿,男性,10304,33
14－15歲未滿,女性,10304,7
15－16歲未滿,性別合計,10304,116
15－16歲未滿,男性,10304,88
15－16歲未滿,女性,10304,28
16－17歲未滿,性別合計,10304,195
16－17歲未滿,男性,10304,151
16－17歲未滿,女性,10304,44
17－18歲未滿,性別合計,10304,247
17－18歲未滿,男性,10304,211
17－18歲未滿,女性,10304,36
18歲以上,性別合計,10304,585
18歲以上,男性,10304,503
18歲以上,女性,10304,82
少年犯年齡合計,性別合計,10305,1188
少年犯年齡合計,男性,10305,990
少年犯年齡合計,女性,10305,198
12歲未滿,性別合計,10305,0
12歲未滿,男性,10305,0
12歲未滿,女性,10305,0
12－13歲未滿,性別合計,10305,1
12－13歲未滿,男性,10305,1
12－13歲未滿,女性,10305,0
13－14歲未滿,性別合計,10305,14
13－14歲未滿,男性,10305,13
13－14歲未滿,女性,10305,1
14－15歲未滿,性別合計,10305,35
14－15歲未滿,男性,10305,30
14－15歲未滿,女性,10305,5
15－16歲未滿,性別合計,10305,116
15－16歲未滿,男性,10305,87
15－16歲未滿,女性,10305,29
16－17歲未滿,性別合計,10305,196
16－17歲未滿,男性,10305,151
16－17歲未滿,女性,10305,45
17－18歲未滿,性別合計,10305,267
17－18歲未滿,男性,10305,228
17－18歲未滿,女性,10305,39
18歲以上,性別合計,10305,559
18歲以上,男性,10305,480
18歲以上,女性,10305,79
少年犯年齡合計,性別合計,10306,1196
少年犯年齡合計,男性,10306,1006
少年犯年齡合計,女性,10306,190
12歲未滿,性別合計,10306,0
12歲未滿,男性,10306,0
12歲未滿,女性,10306,0
12－13歲未滿,性別合計,10306,1
12－13歲未滿,男性,10306,1
12－13歲未滿,女性,10306,0
13－14歲未滿,性別合計,10306,13
13－14歲未滿,男性,10306,13
13－14歲未滿,女性,10306,0
14－15歲未滿,性別合計,10306,34
14－15歲未滿,男性,10306,30
14－15歲未滿,女性,10306,4
15－16歲未滿,性別合計,10306,119
15－16歲未滿,男性,10306,91
15－16歲未滿,女性,10306,28
16－17歲未滿,性別合計,10306,186
16－17歲未滿,男性,10306,146
16－17歲未滿,女性,10306,40
17－18歲未滿,性別合計,10306,277
17－18歲未滿,男性,10306,241
17－18歲未滿,女性,10306,36
18歲以上,性別合計,10306,566
18歲以上,男性,10306,484
18歲以上,女性,10306,82
少年犯年齡合計,性別合計,10307,1166
少年犯年齡合計,男性,10307,987
少年犯年齡合計,女性,10307,179
12歲未滿,性別合計,10307,0
12歲未滿,男性,10307,0
12歲未滿,女性,10307,0
12－13歲未滿,性別合計,10307,1
12－13歲未滿,男性,10307,1
12－13歲未滿,女性,10307,0
13－14歲未滿,性別合計,10307,13
13－14歲未滿,男性,10307,12
13－14歲未滿,女性,10307,1
14－15歲未滿,性別合計,10307,37
14－15歲未滿,男性,10307,32
14－15歲未滿,女性,10307,5
15－16歲未滿,性別合計,10307,118
15－16歲未滿,男性,10307,92
15－16歲未滿,女性,10307,26
16－17歲未滿,性別合計,10307,175
16－17歲未滿,男性,10307,139
16－17歲未滿,女性,10307,36
17－18歲未滿,性別合計,10307,264
17－18歲未滿,男性,10307,231
17－18歲未滿,女性,10307,33
18歲以上,性別合計,10307,558
18歲以上,男性,10307,480
18歲以上,女性,10307,78
少年犯年齡合計,性別合計,10308,1130
少年犯年齡合計,男性,10308,967
少年犯年齡合計,女性,10308,163
12歲未滿,性別合計,10308,0
12歲未滿,男性,10308,0
12歲未滿,女性,10308,0
12－13歲未滿,性別合計,10308,1
12－13歲未滿,男性,10308,1
12－13歲未滿,女性,10308,0
13－14歲未滿,性別合計,10308,5
13－14歲未滿,男性,10308,5
13－14歲未滿,女性,10308,0
14－15歲未滿,性別合計,10308,37
14－15歲未滿,男性,10308,32
14－15歲未滿,女性,10308,5
15－16歲未滿,性別合計,10308,116
15－16歲未滿,男性,10308,97
15－16歲未滿,女性,10308,19
16－17歲未滿,性別合計,10308,166
16－17歲未滿,男性,10308,133
16－17歲未滿,女性,10308,33
17－18歲未滿,性別合計,10308,254
17－18歲未滿,男性,10308,224
17－18歲未滿,女性,10308,30
18歲以上,性別合計,10308,551
18歲以上,男性,10308,475
18歲以上,女性,10308,76
少年犯年齡合計,性別合計,10309,1139
少年犯年齡合計,男性,10309,982
少年犯年齡合計,女性,10309,157
12歲未滿,性別合計,10309,0
12歲未滿,男性,10309,0
12歲未滿,女性,10309,0
12－13歲未滿,性別合計,10309,3
12－13歲未滿,男性,10309,2
12－13歲未滿,女性,10309,1
13－14歲未滿,性別合計,10309,6
13－14歲未滿,男性,10309,5
13－14歲未滿,女性,10309,1
14－15歲未滿,性別合計,10309,30
14－15歲未滿,男性,10309,26
14－15歲未滿,女性,10309,4
15－16歲未滿,性別合計,10309,110
15－16歲未滿,男性,10309,92
15－16歲未滿,女性,10309,18
16－17歲未滿,性別合計,10309,158
16－17歲未滿,男性,10309,127
16－17歲未滿,女性,10309,31
17－18歲未滿,性別合計,10309,261
17－18歲未滿,男性,10309,229
17－18歲未滿,女性,10309,32
18歲以上,性別合計,10309,571
18歲以上,男性,10309,501
18歲以上,女性,10309,70
少年犯年齡合計,性別合計,10310,1088
少年犯年齡合計,男性,10310,940
少年犯年齡合計,女性,10310,148
12歲未滿,性別合計,10310,0
12歲未滿,男性,10310,0
12歲未滿,女性,10310,0
12－13歲未滿,性別合計,10310,3
12－13歲未滿,男性,10310,2
12－13歲未滿,女性,10310,1
13－14歲未滿,性別合計,10310,6
13－14歲未滿,男性,10310,4
13－14歲未滿,女性,10310,2
14－15歲未滿,性別合計,10310,35
14－15歲未滿,男性,10310,31
14－15歲未滿,女性,10310,4
15－16歲未滿,性別合計,10310,106
15－16歲未滿,男性,10310,85
15－16歲未滿,女性,10310,21
16－17歲未滿,性別合計,10310,161
16－17歲未滿,男性,10310,133
16－17歲未滿,女性,10310,28
17－18歲未滿,性別合計,10310,240
17－18歲未滿,男性,10310,212
17－18歲未滿,女性,10310,28
18歲以上,性別合計,10310,537
18歲以上,男性,10310,473
18歲以上,女性,10310,64
少年犯年齡合計,性別合計,10311,1087
少年犯年齡合計,男性,10311,955
少年犯年齡合計,女性,10311,132
12歲未滿,性別合計,10311,0
12歲未滿,男性,10311,0
12歲未滿,女性,10311,0
12－13歲未滿,性別合計,10311,3
12－13歲未滿,男性,10311,2
12－13歲未滿,女性,10311,1
13－14歲未滿,性別合計,10311,6
13－14歲未滿,男性,10311,3
13－14歲未滿,女性,10311,3
14－15歲未滿,性別合計,10311,37
14－15歲未滿,男性,10311,33
14－15歲未滿,女性,10311,4
15－16歲未滿,性別合計,10311,101
15－16歲未滿,男性,10311,83
15－16歲未滿,女性,10311,18
16－17歲未滿,性別合計,10311,166
16－17歲未滿,男性,10311,141
16－17歲未滿,女性,10311,25
17－18歲未滿,性別合計,10311,239
17－18歲未滿,男性,10311,212
17－18歲未滿,女性,10311,27
18歲以上,性別合計,10311,535
18歲以上,男性,10311,481
18歲以上,女性,10311,54
少年犯年齡合計,性別合計,10312,1104
少年犯年齡合計,男性,10312,967
少年犯年齡合計,女性,10312,137
12歲未滿,性別合計,10312,0
12歲未滿,男性,10312,0
12歲未滿,女性,10312,0
12－13歲未滿,性別合計,10312,3
12－13歲未滿,男性,10312,2
12－13歲未滿,女性,10312,1
13－14歲未滿,性別合計,10312,4
13－14歲未滿,男性,10312,2
13－14歲未滿,女性,10312,2
14－15歲未滿,性別合計,10312,41
14－15歲未滿,男性,10312,33
14－15歲未滿,女性,10312,8
15－16歲未滿,性別合計,10312,108
15－16歲未滿,男性,10312,89
15－16歲未滿,女性,10312,19
16－17歲未滿,性別合計,10312,160
16－17歲未滿,男性,10312,133
16－17歲未滿,女性,10312,27
17－18歲未滿,性別合計,10312,252
17－18歲未滿,男性,10312,225
17－18歲未滿,女性,10312,27
18歲以上,性別合計,10312,536
18歲以上,男性,10312,483
18歲以上,女性,10312,53
少年犯年齡合計,性別合計,104,1092
少年犯年齡合計,男性,104,968
少年犯年齡合計,女性,104,124
12歲未滿,性別合計,104,0
12歲未滿,男性,104,0
12歲未滿,女性,104,0
12－13歲未滿,性別合計,104,0
12－13歲未滿,男性,104,0
12－13歲未滿,女性,104,0
13－14歲未滿,性別合計,104,4
13－14歲未滿,男性,104,3
13－14歲未滿,女性,104,1
14－15歲未滿,性別合計,104,29
14－15歲未滿,男性,104,22
14－15歲未滿,女性,104,7
15－16歲未滿,性別合計,104,114
15－16歲未滿,男性,104,95
15－16歲未滿,女性,104,19
16－17歲未滿,性別合計,104,132
16－17歲未滿,男性,104,107
16－17歲未滿,女性,104,25
17－18歲未滿,性別合計,104,211
17－18歲未滿,男性,104,193
17－18歲未滿,女性,104,18
18歲以上,性別合計,104,602
18歲以上,男性,104,548
18歲以上,女性,104,54
少年犯年齡合計,性別合計,10401,1104
少年犯年齡合計,男性,10401,962
少年犯年齡合計,女性,10401,142
12歲未滿,性別合計,10401,0
12歲未滿,男性,10401,0
12歲未滿,女性,10401,0
12－13歲未滿,性別合計,10401,3
12－13歲未滿,男性,10401,2
12－13歲未滿,女性,10401,1
13－14歲未滿,性別合計,10401,4
13－14歲未滿,男性,10401,2
13－14歲未滿,女性,10401,2
14－15歲未滿,性別合計,10401,38
14－15歲未滿,男性,10401,31
14－15歲未滿,女性,10401,7
15－16歲未滿,性別合計,10401,100
15－16歲未滿,男性,10401,85
15－16歲未滿,女性,10401,15
16－17歲未滿,性別合計,10401,150
16－17歲未滿,男性,10401,121
16－17歲未滿,女性,10401,29
17－18歲未滿,性別合計,10401,253
17－18歲未滿,男性,10401,223
17－18歲未滿,女性,10401,30
18歲以上,性別合計,10401,556
18歲以上,男性,10401,498
18歲以上,女性,10401,58
少年犯年齡合計,性別合計,10402,1061
少年犯年齡合計,男性,10402,925
少年犯年齡合計,女性,10402,136
12歲未滿,性別合計,10402,0
12歲未滿,男性,10402,0
12歲未滿,女性,10402,0
12－13歲未滿,性別合計,10402,3
12－13歲未滿,男性,10402,2
12－13歲未滿,女性,10402,1
13－14歲未滿,性別合計,10402,5
13－14歲未滿,男性,10402,3
13－14歲未滿,女性,10402,2
14－15歲未滿,性別合計,10402,36
14－15歲未滿,男性,10402,28
14－15歲未滿,女性,10402,8
15－16歲未滿,性別合計,10402,95
15－16歲未滿,男性,10402,81
15－16歲未滿,女性,10402,14
16－17歲未滿,性別合計,10402,138
16－17歲未滿,男性,10402,111
16－17歲未滿,女性,10402,27
17－18歲未滿,性別合計,10402,245
17－18歲未滿,男性,10402,215
17－18歲未滿,女性,10402,30
18歲以上,性別合計,10402,539
18歲以上,男性,10402,485
18歲以上,女性,10402,54
少年犯年齡合計,性別合計,10403,1076
少年犯年齡合計,男性,10403,936
少年犯年齡合計,女性,10403,140
12歲未滿,性別合計,10403,0
12歲未滿,男性,10403,0
12歲未滿,女性,10403,0
12－13歲未滿,性別合計,10403,3
12－13歲未滿,男性,10403,2
12－13歲未滿,女性,10403,1
13－14歲未滿,性別合計,10403,5
13－14歲未滿,男性,10403,3
13－14歲未滿,女性,10403,2
14－15歲未滿,性別合計,10403,33
14－15歲未滿,男性,10403,26
14－15歲未滿,女性,10403,7
15－16歲未滿,性別合計,10403,91
15－16歲未滿,男性,10403,80
15－16歲未滿,女性,10403,11
16－17歲未滿,性別合計,10403,149
16－17歲未滿,男性,10403,117
16－17歲未滿,女性,10403,32
17－18歲未滿,性別合計,10403,249
17－18歲未滿,男性,10403,215
17－18歲未滿,女性,10403,34
18歲以上,性別合計,10403,546
18歲以上,男性,10403,493
18歲以上,女性,10403,53
少年犯年齡合計,性別合計,10404,1092
少年犯年齡合計,男性,10404,956
少年犯年齡合計,女性,10404,136
12歲未滿,性別合計,10404,0
12歲未滿,男性,10404,0
12歲未滿,女性,10404,0
12－13歲未滿,性別合計,10404,1
12－13歲未滿,男性,10404,1
12－13歲未滿,女性,10404,0
13－14歲未滿,性別合計,10404,6
13－14歲未滿,男性,10404,4
13－14歲未滿,女性,10404,2
14－15歲未滿,性別合計,10404,31
14－15歲未滿,男性,10404,23
14－15歲未滿,女性,10404,8
15－16歲未滿,性別合計,10404,91
15－16歲未滿,男性,10404,80
15－16歲未滿,女性,10404,11
16－17歲未滿,性別合計,10404,151
16－17歲未滿,男性,10404,119
16－17歲未滿,女性,10404,32
17－18歲未滿,性別合計,10404,243
17－18歲未滿,男性,10404,213
17－18歲未滿,女性,10404,30
18歲以上,性別合計,10404,569
18歲以上,男性,10404,516
18歲以上,女性,10404,53
少年犯年齡合計,性別合計,10405,1109
少年犯年齡合計,男性,10405,970
少年犯年齡合計,女性,10405,139
12歲未滿,性別合計,10405,0
12歲未滿,男性,10405,0
12歲未滿,女性,10405,0
12－13歲未滿,性別合計,10405,1
12－13歲未滿,男性,10405,1
12－13歲未滿,女性,10405,0
13－14歲未滿,性別合計,10405,6
13－14歲未滿,男性,10405,5
13－14歲未滿,女性,10405,1
14－15歲未滿,性別合計,10405,31
14－15歲未滿,男性,10405,22
14－15歲未滿,女性,10405,9
15－16歲未滿,性別合計,10405,94
15－16歲未滿,男性,10405,82
15－16歲未滿,女性,10405,12
16－17歲未滿,性別合計,10405,158
16－17歲未滿,男性,10405,128
16－17歲未滿,女性,10405,30
17－18歲未滿,性別合計,10405,235
17－18歲未滿,男性,10405,204
17－18歲未滿,女性,10405,31
18歲以上,性別合計,10405,584
18歲以上,男性,10405,528
18歲以上,女性,10405,56
少年犯年齡合計,性別合計,10406,1099
少年犯年齡合計,男性,10406,963
少年犯年齡合計,女性,10406,136
12歲未滿,性別合計,10406,0
12歲未滿,男性,10406,0
12歲未滿,女性,10406,0
12－13歲未滿,性別合計,10406,1
12－13歲未滿,男性,10406,1
12－13歲未滿,女性,10406,0
13－14歲未滿,性別合計,10406,6
13－14歲未滿,男性,10406,4
13－14歲未滿,女性,10406,2
14－15歲未滿,性別合計,10406,36
14－15歲未滿,男性,10406,28
14－15歲未滿,女性,10406,8
15－16歲未滿,性別合計,10406,94
15－16歲未滿,男性,10406,83
15－16歲未滿,女性,10406,11
16－17歲未滿,性別合計,10406,152
16－17歲未滿,男性,10406,123
16－17歲未滿,女性,10406,29
17－18歲未滿,性別合計,10406,219
17－18歲未滿,男性,10406,188
17－18歲未滿,女性,10406,31
18歲以上,性別合計,10406,591
18歲以上,男性,10406,536
18歲以上,女性,10406,55
少年犯年齡合計,性別合計,10407,1072
少年犯年齡合計,男性,10407,946
少年犯年齡合計,女性,10407,126
12歲未滿,性別合計,10407,0
12歲未滿,男性,10407,0
12歲未滿,女性,10407,0
12－13歲未滿,性別合計,10407,1
12－13歲未滿,男性,10407,1
12－13歲未滿,女性,10407,0
13－14歲未滿,性別合計,10407,4
13－14歲未滿,男性,10407,2
13－14歲未滿,女性,10407,2
14－15歲未滿,性別合計,10407,35
14－15歲未滿,男性,10407,29
14－15歲未滿,女性,10407,6
15－16歲未滿,性別合計,10407,92
15－16歲未滿,男性,10407,78
15－16歲未滿,女性,10407,14
16－17歲未滿,性別合計,10407,157
16－17歲未滿,男性,10407,129
16－17歲未滿,女性,10407,28
17－18歲未滿,性別合計,10407,205
17－18歲未滿,男性,10407,179
17－18歲未滿,女性,10407,26
18歲以上,性別合計,10407,578
18歲以上,男性,10407,528
18歲以上,女性,10407,50
少年犯年齡合計,性別合計,10408,1067
少年犯年齡合計,男性,10408,947
少年犯年齡合計,女性,10408,120
12歲未滿,性別合計,10408,0
12歲未滿,男性,10408,0
12歲未滿,女性,10408,0
12－13歲未滿,性別合計,10408,0
12－13歲未滿,男性,10408,0
12－13歲未滿,女性,10408,0
13－14歲未滿,性別合計,10408,5
13－14歲未滿,男性,10408,4
13－14歲未滿,女性,10408,1
14－15歲未滿,性別合計,10408,27
14－15歲未滿,男性,10408,21
14－15歲未滿,女性,10408,6
15－16歲未滿,性別合計,10408,96
15－16歲未滿,男性,10408,81
15－16歲未滿,女性,10408,15
16－17歲未滿,性別合計,10408,150
16－17歲未滿,男性,10408,128
16－17歲未滿,女性,10408,22
17－18歲未滿,性別合計,10408,206
17－18歲未滿,男性,10408,181
17－18歲未滿,女性,10408,25
18歲以上,性別合計,10408,583
18歲以上,男性,10408,532
18歲以上,女性,10408,51
少年犯年齡合計,性別合計,10409,1072
少年犯年齡合計,男性,10409,950
少年犯年齡合計,女性,10409,122
12歲未滿,性別合計,10409,0
12歲未滿,男性,10409,0
12歲未滿,女性,10409,0
12－13歲未滿,性別合計,10409,0
12－13歲未滿,男性,10409,0
12－13歲未滿,女性,10409,0
13－14歲未滿,性別合計,10409,3
13－14歲未滿,男性,10409,2
13－14歲未滿,女性,10409,1
14－15歲未滿,性別合計,10409,30
14－15歲未滿,男性,10409,24
14－15歲未滿,女性,10409,6
15－16歲未滿,性別合計,10409,91
15－16歲未滿,男性,10409,77
15－16歲未滿,女性,10409,14
16－17歲未滿,性別合計,10409,157
16－17歲未滿,男性,10409,134
16－17歲未滿,女性,10409,23
17－18歲未滿,性別合計,10409,198
17－18歲未滿,男性,10409,172
17－18歲未滿,女性,10409,26
18歲以上,性別合計,10409,593
18歲以上,男性,10409,541
18歲以上,女性,10409,52
少年犯年齡合計,性別合計,10410,1054
少年犯年齡合計,男性,10410,938
少年犯年齡合計,女性,10410,116
12歲未滿,性別合計,10410,0
12歲未滿,男性,10410,0
12歲未滿,女性,10410,0
12－13歲未滿,性別合計,10410,0
12－13歲未滿,男性,10410,0
12－13歲未滿,女性,10410,0
13－14歲未滿,性別合計,10410,4
13－14歲未滿,男性,10410,3
13－14歲未滿,女性,10410,1
14－15歲未滿,性別合計,10410,30
14－15歲未滿,男性,10410,25
14－15歲未滿,女性,10410,5
15－16歲未滿,性別合計,10410,95
15－16歲未滿,男性,10410,77
15－16歲未滿,女性,10410,18
16－17歲未滿,性別合計,10410,146
16－17歲未滿,男性,10410,124
16－17歲未滿,女性,10410,22
17－18歲未滿,性別合計,10410,201
17－18歲未滿,男性,10410,182
17－18歲未滿,女性,10410,19
18歲以上,性別合計,10410,578
18歲以上,男性,10410,527
18歲以上,女性,10410,51
少年犯年齡合計,性別合計,10411,1082
少年犯年齡合計,男性,10411,959
少年犯年齡合計,女性,10411,123
12歲未滿,性別合計,10411,0
12歲未滿,男性,10411,0
12歲未滿,女性,10411,0
12－13歲未滿,性別合計,10411,0
12－13歲未滿,男性,10411,0
12－13歲未滿,女性,10411,0
13－14歲未滿,性別合計,10411,4
13－14歲未滿,男性,10411,3
13－14歲未滿,女性,10411,1
14－15歲未滿,性別合計,10411,31
14－15歲未滿,男性,10411,25
14－15歲未滿,女性,10411,6
15－16歲未滿,性別合計,10411,106
15－16歲未滿,男性,10411,88
15－16歲未滿,女性,10411,18
16－17歲未滿,性別合計,10411,137
16－17歲未滿,男性,10411,114
16－17歲未滿,女性,10411,23
17－18歲未滿,性別合計,10411,207
17－18歲未滿,男性,10411,188
17－18歲未滿,女性,10411,19
18歲以上,性別合計,10411,597
18歲以上,男性,10411,541
18歲以上,女性,10411,56
少年犯年齡合計,性別合計,10412,1092
少年犯年齡合計,男性,10412,968
少年犯年齡合計,女性,10412,124
12歲未滿,性別合計,10412,0
12歲未滿,男性,10412,0
12歲未滿,女性,10412,0
12－13歲未滿,性別合計,10412,0
12－13歲未滿,男性,10412,0
12－13歲未滿,女性,10412,0
13－14歲未滿,性別合計,10412,4
13－14歲未滿,男性,10412,3
13－14歲未滿,女性,10412,1
14－15歲未滿,性別合計,10412,29
14－15歲未滿,男性,10412,22
14－15歲未滿,女性,10412,7
15－16歲未滿,性別合計,10412,114
15－16歲未滿,男性,10412,95
15－16歲未滿,女性,10412,19
16－17歲未滿,性別合計,10412,132
16－17歲未滿,男性,10412,107
16－17歲未滿,女性,10412,25
17－18歲未滿,性別合計,10412,211
17－18歲未滿,男性,10412,193
17－18歲未滿,女性,10412,18
18歲以上,性別合計,10412,602
18歲以上,男性,10412,548
18歲以上,女性,10412,54
少年犯年齡合計,性別合計,105,1124
少年犯年齡合計,男性,105,966
少年犯年齡合計,女性,105,158
12歲未滿,性別合計,105,0
12歲未滿,男性,105,0
12歲未滿,女性,105,0
12－13歲未滿,性別合計,105,0
12－13歲未滿,男性,105,0
12－13歲未滿,女性,105,0
13－14歲未滿,性別合計,105,7
13－14歲未滿,男性,105,5
13－14歲未滿,女性,105,2
14－15歲未滿,性別合計,105,29
14－15歲未滿,男性,105,26
14－15歲未滿,女性,105,3
15－16歲未滿,性別合計,105,89
15－16歲未滿,男性,105,67
15－16歲未滿,女性,105,22
16－17歲未滿,性別合計,105,157
16－17歲未滿,男性,105,127
16－17歲未滿,女性,105,30
17－18歲未滿,性別合計,105,201
17－18歲未滿,男性,105,166
17－18歲未滿,女性,105,35
18歲以上,性別合計,105,641
18歲以上,男性,105,575
18歲以上,女性,105,66
少年犯年齡合計,性別合計,10501,1111
少年犯年齡合計,男性,10501,980
少年犯年齡合計,女性,10501,131
12歲未滿,性別合計,10501,0
12歲未滿,男性,10501,0
12歲未滿,女性,10501,0
12－13歲未滿,性別合計,10501,1
12－13歲未滿,男性,10501,1
12－13歲未滿,女性,10501,0
13－14歲未滿,性別合計,10501,4
13－14歲未滿,男性,10501,4
13－14歲未滿,女性,10501,0
14－15歲未滿,性別合計,10501,30
14－15歲未滿,男性,10501,24
14－15歲未滿,女性,10501,6
15－16歲未滿,性別合計,10501,110
15－16歲未滿,男性,10501,89
15－16歲未滿,女性,10501,21
16－17歲未滿,性別合計,10501,142
16－17歲未滿,男性,10501,116
16－17歲未滿,女性,10501,26
17－18歲未滿,性別合計,10501,207
17－18歲未滿,男性,10501,187
17－18歲未滿,女性,10501,20
18歲以上,性別合計,10501,617
18歲以上,男性,10501,559
18歲以上,女性,10501,58
少年犯年齡合計,性別合計,10502,1103
少年犯年齡合計,男性,10502,972
少年犯年齡合計,女性,10502,131
12歲未滿,性別合計,10502,0
12歲未滿,男性,10502,0
12歲未滿,女性,10502,0
12－13歲未滿,性別合計,10502,1
12－13歲未滿,男性,10502,1
12－13歲未滿,女性,10502,0
13－14歲未滿,性別合計,10502,5
13－14歲未滿,男性,10502,5
13－14歲未滿,女性,10502,0
14－15歲未滿,性別合計,10502,32
14－15歲未滿,男性,10502,25
14－15歲未滿,女性,10502,7
15－16歲未滿,性別合計,10502,106
15－16歲未滿,男性,10502,88
15－16歲未滿,女性,10502,18
16－17歲未滿,性別合計,10502,138
16－17歲未滿,男性,10502,114
16－17歲未滿,女性,10502,24
17－18歲未滿,性別合計,10502,209
17－18歲未滿,男性,10502,188
17－18歲未滿,女性,10502,21
18歲以上,性別合計,10502,612
18歲以上,男性,10502,551
18歲以上,女性,10502,61
少年犯年齡合計,性別合計,10503,1110
少年犯年齡合計,男性,10503,972
少年犯年齡合計,女性,10503,138
12歲未滿,性別合計,10503,0
12歲未滿,男性,10503,0
12歲未滿,女性,10503,0
12－13歲未滿,性別合計,10503,1
12－13歲未滿,男性,10503,1
12－13歲未滿,女性,10503,0
13－14歲未滿,性別合計,10503,6
13－14歲未滿,男性,10503,6
13－14歲未滿,女性,10503,0
14－15歲未滿,性別合計,10503,38
14－15歲未滿,男性,10503,29
14－15歲未滿,女性,10503,9
15－16歲未滿,性別合計,10503,101
15－16歲未滿,男性,10503,84
15－16歲未滿,女性,10503,17
16－17歲未滿,性別合計,10503,142
16－17歲未滿,男性,10503,117
16－17歲未滿,女性,10503,25
17－18歲未滿,性別合計,10503,204
17－18歲未滿,男性,10503,180
17－18歲未滿,女性,10503,24
18歲以上,性別合計,10503,618
18歲以上,男性,10503,555
18歲以上,女性,10503,63
少年犯年齡合計,性別合計,10504,1123
少年犯年齡合計,男性,10504,993
少年犯年齡合計,女性,10504,130
12歲未滿,性別合計,10504,0
12歲未滿,男性,10504,0
12歲未滿,女性,10504,0
12－13歲未滿,性別合計,10504,1
12－13歲未滿,男性,10504,1
12－13歲未滿,女性,10504,0
13－14歲未滿,性別合計,10504,3
13－14歲未滿,男性,10504,3
13－14歲未滿,女性,10504,0
14－15歲未滿,性別合計,10504,42
14－15歲未滿,男性,10504,33
14－15歲未滿,女性,10504,9
15－16歲未滿,性別合計,10504,103
15－16歲未滿,男性,10504,85
15－16歲未滿,女性,10504,18
16－17歲未滿,性別合計,10504,135
16－17歲未滿,男性,10504,113
16－17歲未滿,女性,10504,22
17－18歲未滿,性別合計,10504,208
17－18歲未滿,男性,10504,183
17－18歲未滿,女性,10504,25
18歲以上,性別合計,10504,631
18歲以上,男性,10504,575
18歲以上,女性,10504,56
少年犯年齡合計,性別合計,10505,1144
少年犯年齡合計,男性,10505,1006
少年犯年齡合計,女性,10505,138
12歲未滿,性別合計,10505,0
12歲未滿,男性,10505,0
12歲未滿,女性,10505,0
12－13歲未滿,性別合計,10505,1
12－13歲未滿,男性,10505,1
12－13歲未滿,女性,10505,0
13－14歲未滿,性別合計,10505,4
13－14歲未滿,男性,10505,4
13－14歲未滿,女性,10505,0
14－15歲未滿,性別合計,10505,42
14－15歲未滿,男性,10505,33
14－15歲未滿,女性,10505,9
15－16歲未滿,性別合計,10505,97
15－16歲未滿,男性,10505,78
15－16歲未滿,女性,10505,19
16－17歲未滿,性別合計,10505,146
16－17歲未滿,男性,10505,121
16－17歲未滿,女性,10505,25
17－18歲未滿,性別合計,10505,215
17－18歲未滿,男性,10505,187
17－18歲未滿,女性,10505,28
18歲以上,性別合計,10505,639
18歲以上,男性,10505,582
18歲以上,女性,10505,57
少年犯年齡合計,性別合計,10506,1128
少年犯年齡合計,男性,10506,989
少年犯年齡合計,女性,10506,139
12歲未滿,性別合計,10506,0
12歲未滿,男性,10506,0
12歲未滿,女性,10506,0
12－13歲未滿,性別合計,10506,1
12－13歲未滿,男性,10506,1
12－13歲未滿,女性,10506,0
13－14歲未滿,性別合計,10506,6
13－14歲未滿,男性,10506,6
13－14歲未滿,女性,10506,0
14－15歲未滿,性別合計,10506,39
14－15歲未滿,男性,10506,31
14－15歲未滿,女性,10506,8
15－16歲未滿,性別合計,10506,102
15－16歲未滿,男性,10506,79
15－16歲未滿,女性,10506,23
16－17歲未滿,性別合計,10506,138
16－17歲未滿,男性,10506,116
16－17歲未滿,女性,10506,22
17－18歲未滿,性別合計,10506,206
17－18歲未滿,男性,10506,177
17－18歲未滿,女性,10506,29
18歲以上,性別合計,10506,636
18歲以上,男性,10506,579
18歲以上,女性,10506,57
少年犯年齡合計,性別合計,10507,1136
少年犯年齡合計,男性,10507,996
少年犯年齡合計,女性,10507,140
12歲未滿,性別合計,10507,0
12歲未滿,男性,10507,0
12歲未滿,女性,10507,0
12－13歲未滿,性別合計,10507,1
12－13歲未滿,男性,10507,1
12－13歲未滿,女性,10507,0
13－14歲未滿,性別合計,10507,8
13－14歲未滿,男性,10507,8
13－14歲未滿,女性,10507,0
14－15歲未滿,性別合計,10507,34
14－15歲未滿,男性,10507,29
14－15歲未滿,女性,10507,5
15－16歲未滿,性別合計,10507,98
15－16歲未滿,男性,10507,76
15－16歲未滿,女性,10507,22
16－17歲未滿,性別合計,10507,152
16－17歲未滿,男性,10507,125
16－17歲未滿,女性,10507,27
17－18歲未滿,性別合計,10507,215
17－18歲未滿,男性,10507,187
17－18歲未滿,女性,10507,28
18歲以上,性別合計,10507,628
18歲以上,男性,10507,570
18歲以上,女性,10507,58
少年犯年齡合計,性別合計,10508,1129
少年犯年齡合計,男性,10508,991
少年犯年齡合計,女性,10508,138
12歲未滿,性別合計,10508,0
12歲未滿,男性,10508,0
12歲未滿,女性,10508,0
12－13歲未滿,性別合計,10508,1
12－13歲未滿,男性,10508,1
12－13歲未滿,女性,10508,0
13－14歲未滿,性別合計,10508,9
13－14歲未滿,男性,10508,8
13－14歲未滿,女性,10508,1
14－15歲未滿,性別合計,10508,32
14－15歲未滿,男性,10508,27
14－15歲未滿,女性,10508,5
15－16歲未滿,性別合計,10508,89
15－16歲未滿,男性,10508,69
15－16歲未滿,女性,10508,20
16－17歲未滿,性別合計,10508,156
16－17歲未滿,男性,10508,128
16－17歲未滿,女性,10508,28
17－18歲未滿,性別合計,10508,209
17－18歲未滿,男性,10508,182
17－18歲未滿,女性,10508,27
18歲以上,性別合計,10508,633
18歲以上,男性,10508,576
18歲以上,女性,10508,57
少年犯年齡合計,性別合計,10509,1132
少年犯年齡合計,男性,10509,991
少年犯年齡合計,女性,10509,141
12歲未滿,性別合計,10509,0
12歲未滿,男性,10509,0
12歲未滿,女性,10509,0
12－13歲未滿,性別合計,10509,0
12－13歲未滿,男性,10509,0
12－13歲未滿,女性,10509,0
13－14歲未滿,性別合計,10509,9
13－14歲未滿,男性,10509,8
13－14歲未滿,女性,10509,1
14－15歲未滿,性別合計,10509,32
14－15歲未滿,男性,10509,27
14－15歲未滿,女性,10509,5
15－16歲未滿,性別合計,10509,89
15－16歲未滿,男性,10509,71
15－16歲未滿,女性,10509,18
16－17歲未滿,性別合計,10509,154
16－17歲未滿,男性,10509,123
16－17歲未滿,女性,10509,31
17－18歲未滿,性別合計,10509,212
17－18歲未滿,男性,10509,185
17－18歲未滿,女性,10509,27
18歲以上,性別合計,10509,636
18歲以上,男性,10509,577
18歲以上,女性,10509,59
少年犯年齡合計,性別合計,10510,1115
少年犯年齡合計,男性,10510,969
少年犯年齡合計,女性,10510,146
12歲未滿,性別合計,10510,0
12歲未滿,男性,10510,0
12歲未滿,女性,10510,0
12－13歲未滿,性別合計,10510,0
12－13歲未滿,男性,10510,0
12－13歲未滿,女性,10510,0
13－14歲未滿,性別合計,10510,9
13－14歲未滿,男性,10510,8
13－14歲未滿,女性,10510,1
14－15歲未滿,性別合計,10510,29
14－15歲未滿,男性,10510,26
14－15歲未滿,女性,10510,3
15－16歲未滿,性別合計,10510,94
15－16歲未滿,男性,10510,73
15－16歲未滿,女性,10510,21
16－17歲未滿,性別合計,10510,152
16－17歲未滿,男性,10510,121
16－17歲未滿,女性,10510,31
17－18歲未滿,性別合計,10510,196
17－18歲未滿,男性,10510,168
17－18歲未滿,女性,10510,28
18歲以上,性別合計,10510,635
18歲以上,男性,10510,573
18歲以上,女性,10510,62
少年犯年齡合計,性別合計,10511,1116
少年犯年齡合計,男性,10511,965
少年犯年齡合計,女性,10511,151
12歲未滿,性別合計,10511,0
12歲未滿,男性,10511,0
12歲未滿,女性,10511,0
12－13歲未滿,性別合計,10511,0
12－13歲未滿,男性,10511,0
12－13歲未滿,女性,10511,0
13－14歲未滿,性別合計,10511,7
13－14歲未滿,男性,10511,5
13－14歲未滿,女性,10511,2
14－15歲未滿,性別合計,10511,27
14－15歲未滿,男性,10511,25
14－15歲未滿,女性,10511,2
15－16歲未滿,性別合計,10511,95
15－16歲未滿,男性,10511,72
15－16歲未滿,女性,10511,23
16－17歲未滿,性別合計,10511,158
16－17歲未滿,男性,10511,125
16－17歲未滿,女性,10511,33
17－18歲未滿,性別合計,10511,201
17－18歲未滿,男性,10511,171
17－18歲未滿,女性,10511,30
18歲以上,性別合計,10511,628
18歲以上,男性,10511,567
18歲以上,女性,10511,61
少年犯年齡合計,性別合計,10512,1124
少年犯年齡合計,男性,10512,966
少年犯年齡合計,女性,10512,158
12歲未滿,性別合計,10512,0
12歲未滿,男性,10512,0
12歲未滿,女性,10512,0
12－13歲未滿,性別合計,10512,0
12－13歲未滿,男性,10512,0
12－13歲未滿,女性,10512,0
13－14歲未滿,性別合計,10512,7
13－14歲未滿,男性,10512,5
13－14歲未滿,女性,10512,2
14－15歲未滿,性別合計,10512,29
14－15歲未滿,男性,10512,26
14－15歲未滿,女性,10512,3
15－16歲未滿,性別合計,10512,89
15－16歲未滿,男性,10512,67
15－16歲未滿,女性,10512,22
16－17歲未滿,性別合計,10512,157
16－17歲未滿,男性,10512,127
16－17歲未滿,女性,10512,30
17－18歲未滿,性別合計,10512,201
17－18歲未滿,男性,10512,166
17－18歲未滿,女性,10512,35
18歲以上,性別合計,10512,641
18歲以上,男性,10512,575
18歲以上,女性,10512,66
少年犯年齡合計,性別合計,106,1064
少年犯年齡合計,男性,106,909
少年犯年齡合計,女性,106,155
12歲未滿,性別合計,106,0
12歲未滿,男性,106,0
12歲未滿,女性,106,0
12－13歲未滿,性別合計,106,1
12－13歲未滿,男性,106,1
12－13歲未滿,女性,106,0
13－14歲未滿,性別合計,106,4
13－14歲未滿,男性,106,3
13－14歲未滿,女性,106,1
14－15歲未滿,性別合計,106,33
14－15歲未滿,男性,106,27
14－15歲未滿,女性,106,6
15－16歲未滿,性別合計,106,76
15－16歲未滿,男性,106,59
15－16歲未滿,女性,106,17
16－17歲未滿,性別合計,106,144
16－17歲未滿,男性,106,122
16－17歲未滿,女性,106,22
17－18歲未滿,性別合計,106,223
17－18歲未滿,男性,106,193
17－18歲未滿,女性,106,30
18歲以上,性別合計,106,583
18歲以上,男性,106,504
18歲以上,女性,106,79
少年犯年齡合計,性別合計,10601,1073
少年犯年齡合計,男性,10601,922
少年犯年齡合計,女性,10601,151
12歲未滿,性別合計,10601,0
12歲未滿,男性,10601,0
12歲未滿,女性,10601,0
12－13歲未滿,性別合計,10601,0
12－13歲未滿,男性,10601,0
12－13歲未滿,女性,10601,0
13－14歲未滿,性別合計,10601,11
13－14歲未滿,男性,10601,9
13－14歲未滿,女性,10601,2
14－15歲未滿,性別合計,10601,29
14－15歲未滿,男性,10601,27
14－15歲未滿,女性,10601,2
15－16歲未滿,性別合計,10601,78
15－16歲未滿,男性,10601,59
15－16歲未滿,女性,10601,19
16－17歲未滿,性別合計,10601,166
16－17歲未滿,男性,10601,134
16－17歲未滿,女性,10601,32
17－18歲未滿,性別合計,10601,189
17－18歲未滿,男性,10601,156
17－18歲未滿,女性,10601,33
18歲以上,性別合計,10601,600
18歲以上,男性,10601,537
18歲以上,女性,10601,63
少年犯年齡合計,性別合計,10602,1080
少年犯年齡合計,男性,10602,929
少年犯年齡合計,女性,10602,151
12歲未滿,性別合計,10602,0
12歲未滿,男性,10602,0
12歲未滿,女性,10602,0
12－13歲未滿,性別合計,10602,0
12－13歲未滿,男性,10602,0
12－13歲未滿,女性,10602,0
13－14歲未滿,性別合計,10602,11
13－14歲未滿,男性,10602,9
13－14歲未滿,女性,10602,2
14－15歲未滿,性別合計,10602,28
14－15歲未滿,男性,10602,26
14－15歲未滿,女性,10602,2
15－16歲未滿,性別合計,10602,82
15－16歲未滿,男性,10602,64
15－16歲未滿,女性,10602,18
16－17歲未滿,性別合計,10602,161
16－17歲未滿,男性,10602,131
16－17歲未滿,女性,10602,30
17－18歲未滿,性別合計,10602,198
17－18歲未滿,男性,10602,163
17－18歲未滿,女性,10602,35
18歲以上,性別合計,10602,600
18歲以上,男性,10602,536
18歲以上,女性,10602,64
少年犯年齡合計,性別合計,10603,1067
少年犯年齡合計,男性,10603,920
少年犯年齡合計,女性,10603,147
12歲未滿,性別合計,10603,0
12歲未滿,男性,10603,0
12歲未滿,女性,10603,0
12－13歲未滿,性別合計,10603,0
12－13歲未滿,男性,10603,0
12－13歲未滿,女性,10603,0
13－14歲未滿,性別合計,10603,11
13－14歲未滿,男性,10603,8
13－14歲未滿,女性,10603,3
14－15歲未滿,性別合計,10603,30
14－15歲未滿,男性,10603,27
14－15歲未滿,女性,10603,3
15－16歲未滿,性別合計,10603,77
15－16歲未滿,男性,10603,60
15－16歲未滿,女性,10603,17
16－17歲未滿,性別合計,10603,152
16－17歲未滿,男性,10603,127
16－17歲未滿,女性,10603,25
17－18歲未滿,性別合計,10603,209
17－18歲未滿,男性,10603,178
17－18歲未滿,女性,10603,31
18歲以上,性別合計,10603,588
18歲以上,男性,10603,520
18歲以上,女性,10603,68
少年犯年齡合計,性別合計,10604,1069
少年犯年齡合計,男性,10604,915
少年犯年齡合計,女性,10604,154
12歲未滿,性別合計,10604,0
12歲未滿,男性,10604,0
12歲未滿,女性,10604,0
12－13歲未滿,性別合計,10604,0
12－13歲未滿,男性,10604,0
12－13歲未滿,女性,10604,0
13－14歲未滿,性別合計,10604,10
13－14歲未滿,男性,10604,7
13－14歲未滿,女性,10604,3
14－15歲未滿,性別合計,10604,23
14－15歲未滿,男性,10604,21
14－15歲未滿,女性,10604,2
15－16歲未滿,性別合計,10604,81
15－16歲未滿,男性,10604,62
15－16歲未滿,女性,10604,19
16－17歲未滿,性別合計,10604,151
16－17歲未滿,男性,10604,125
16－17歲未滿,女性,10604,26
17－18歲未滿,性別合計,10604,216
17－18歲未滿,男性,10604,183
17－18歲未滿,女性,10604,33
18歲以上,性別合計,10604,588
18歲以上,男性,10604,517
18歲以上,女性,10604,71
少年犯年齡合計,性別合計,10605,1095
少年犯年齡合計,男性,10605,933
少年犯年齡合計,女性,10605,162
12歲未滿,性別合計,10605,0
12歲未滿,男性,10605,0
12歲未滿,女性,10605,0
12－13歲未滿,性別合計,10605,0
12－13歲未滿,男性,10605,0
12－13歲未滿,女性,10605,0
13－14歲未滿,性別合計,10605,8
13－14歲未滿,男性,10605,6
13－14歲未滿,女性,10605,2
14－15歲未滿,性別合計,10605,25
14－15歲未滿,男性,10605,22
14－15歲未滿,女性,10605,3
15－16歲未滿,性別合計,10605,92
15－16歲未滿,男性,10605,70
15－16歲未滿,女性,10605,22
16－17歲未滿,性別合計,10605,153
16－17歲未滿,男性,10605,127
16－17歲未滿,女性,10605,26
17－18歲未滿,性別合計,10605,212
17－18歲未滿,男性,10605,184
17－18歲未滿,女性,10605,28
18歲以上,性別合計,10605,605
18歲以上,男性,10605,524
18歲以上,女性,10605,81
少年犯年齡合計,性別合計,10606,1053
少年犯年齡合計,男性,10606,896
少年犯年齡合計,女性,10606,157
12歲未滿,性別合計,10606,0
12歲未滿,男性,10606,0
12歲未滿,女性,10606,0
12－13歲未滿,性別合計,10606,0
12－13歲未滿,男性,10606,0
12－13歲未滿,女性,10606,0
13－14歲未滿,性別合計,10606,6
13－14歲未滿,男性,10606,4
13－14歲未滿,女性,10606,2
14－15歲未滿,性別合計,10606,23
14－15歲未滿,男性,10606,20
14－15歲未滿,女性,10606,3
15－16歲未滿,性別合計,10606,86
15－16歲未滿,男性,10606,68
15－16歲未滿,女性,10606,18
16－17歲未滿,性別合計,10606,147
16－17歲未滿,男性,10606,122
16－17歲未滿,女性,10606,25
17－18歲未滿,性別合計,10606,202
17－18歲未滿,男性,10606,172
17－18歲未滿,女性,10606,30
18歲以上,性別合計,10606,589
18歲以上,男性,10606,510
18歲以上,女性,10606,79
少年犯年齡合計,性別合計,10607,1031
少年犯年齡合計,男性,10607,882
少年犯年齡合計,女性,10607,149
12歲未滿,性別合計,10607,0
12歲未滿,男性,10607,0
12歲未滿,女性,10607,0
12－13歲未滿,性別合計,10607,0
12－13歲未滿,男性,10607,0
12－13歲未滿,女性,10607,0
13－14歲未滿,性別合計,10607,7
13－14歲未滿,男性,10607,4
13－14歲未滿,女性,10607,3
14－15歲未滿,性別合計,10607,24
14－15歲未滿,男性,10607,21
14－15歲未滿,女性,10607,3
15－16歲未滿,性別合計,10607,79
15－16歲未滿,男性,10607,65
15－16歲未滿,女性,10607,14
16－17歲未滿,性別合計,10607,144
16－17歲未滿,男性,10607,121
16－17歲未滿,女性,10607,23
17－18歲未滿,性別合計,10607,192
17－18歲未滿,男性,10607,162
17－18歲未滿,女性,10607,30
18歲以上,性別合計,10607,585
18歲以上,男性,10607,509
18歲以上,女性,10607,76
少年犯年齡合計,性別合計,10608,1048
少年犯年齡合計,男性,10608,896
少年犯年齡合計,女性,10608,152
12歲未滿,性別合計,10608,0
12歲未滿,男性,10608,0
12歲未滿,女性,10608,0
12－13歲未滿,性別合計,10608,0
12－13歲未滿,男性,10608,0
12－13歲未滿,女性,10608,0
13－14歲未滿,性別合計,10608,6
13－14歲未滿,男性,10608,5
13－14歲未滿,女性,10608,1
14－15歲未滿,性別合計,10608,28
14－15歲未滿,男性,10608,22
14－15歲未滿,女性,10608,6
15－16歲未滿,性別合計,10608,81
15－16歲未滿,男性,10608,66
15－16歲未滿,女性,10608,15
16－17歲未滿,性別合計,10608,132
16－17歲未滿,男性,10608,111
16－17歲未滿,女性,10608,21
17－18歲未滿,性別合計,10608,209
17－18歲未滿,男性,10608,175
17－18歲未滿,女性,10608,34
18歲以上,性別合計,10608,592
18歲以上,男性,10608,517
18歲以上,女性,10608,75
少年犯年齡合計,性別合計,10609,1072
少年犯年齡合計,男性,10609,914
少年犯年齡合計,女性,10609,158
12歲未滿,性別合計,10609,0
12歲未滿,男性,10609,0
12歲未滿,女性,10609,0
12－13歲未滿,性別合計,10609,0
12－13歲未滿,男性,10609,0
12－13歲未滿,女性,10609,0
13－14歲未滿,性別合計,10609,5
13－14歲未滿,男性,10609,4
13－14歲未滿,女性,10609,1
14－15歲未滿,性別合計,10609,31
14－15歲未滿,男性,10609,25
14－15歲未滿,女性,10609,6
15－16歲未滿,性別合計,10609,79
15－16歲未滿,男性,10609,63
15－16歲未滿,女性,10609,16
16－17歲未滿,性別合計,10609,140
16－17歲未滿,男性,10609,117
16－17歲未滿,女性,10609,23
17－18歲未滿,性別合計,10609,219
17－18歲未滿,男性,10609,185
17－18歲未滿,女性,10609,34
18歲以上,性別合計,10609,598
18歲以上,男性,10609,520
18歲以上,女性,10609,78
少年犯年齡合計,性別合計,10610,1092
少年犯年齡合計,男性,10610,935
少年犯年齡合計,女性,10610,157
12歲未滿,性別合計,10610,0
12歲未滿,男性,10610,0
12歲未滿,女性,10610,0
12－13歲未滿,性別合計,10610,0
12－13歲未滿,男性,10610,0
12－13歲未滿,女性,10610,0
13－14歲未滿,性別合計,10610,5
13－14歲未滿,男性,10610,5
13－14歲未滿,女性,10610,0
14－15歲未滿,性別合計,10610,33
14－15歲未滿,男性,10610,26
14－15歲未滿,女性,10610,7
15－16歲未滿,性別合計,10610,81
15－16歲未滿,男性,10610,66
15－16歲未滿,女性,10610,15
16－17歲未滿,性別合計,10610,152
16－17歲未滿,男性,10610,126
16－17歲未滿,女性,10610,26
17－18歲未滿,性別合計,10610,211
17－18歲未滿,男性,10610,180
17－18歲未滿,女性,10610,31
18歲以上,性別合計,10610,610
18歲以上,男性,10610,532
18歲以上,女性,10610,78
少年犯年齡合計,性別合計,10611,1091
少年犯年齡合計,男性,10611,930
少年犯年齡合計,女性,10611,161
12歲未滿,性別合計,10611,0
12歲未滿,男性,10611,0
12歲未滿,女性,10611,0
12－13歲未滿,性別合計,10611,0
12－13歲未滿,男性,10611,0
12－13歲未滿,女性,10611,0
13－14歲未滿,性別合計,10611,5
13－14歲未滿,男性,10611,5
13－14歲未滿,女性,10611,0
14－15歲未滿,性別合計,10611,36
14－15歲未滿,男性,10611,28
14－15歲未滿,女性,10611,8
15－16歲未滿,性別合計,10611,79
15－16歲未滿,男性,10611,63
15－16歲未滿,女性,10611,16
16－17歲未滿,性別合計,10611,149
16－17歲未滿,男性,10611,123
16－17歲未滿,女性,10611,26
17－18歲未滿,性別合計,10611,219
17－18歲未滿,男性,10611,186
17－18歲未滿,女性,10611,33
18歲以上,性別合計,10611,603
18歲以上,男性,10611,525
18歲以上,女性,10611,78
少年犯年齡合計,性別合計,10612,1064
少年犯年齡合計,男性,10612,909
少年犯年齡合計,女性,10612,155
12歲未滿,性別合計,10612,0
12歲未滿,男性,10612,0
12歲未滿,女性,10612,0
12－13歲未滿,性別合計,10612,1
12－13歲未滿,男性,10612,1
12－13歲未滿,女性,10612,0
13－14歲未滿,性別合計,10612,4
13－14歲未滿,男性,10612,3
13－14歲未滿,女性,10612,1
14－15歲未滿,性別合計,10612,33
14－15歲未滿,男性,10612,27
14－15歲未滿,女性,10612,6
15－16歲未滿,性別合計,10612,76
15－16歲未滿,男性,10612,59
15－16歲未滿,女性,10612,17
16－17歲未滿,性別合計,10612,144
16－17歲未滿,男性,10612,122
16－17歲未滿,女性,10612,22
17－18歲未滿,性別合計,10612,223
17－18歲未滿,男性,10612,193
17－18歲未滿,女性,10612,30
18歲以上,性別合計,10612,583
18歲以上,男性,10612,504
18歲以上,女性,10612,79
少年犯年齡合計,性別合計,107,791
少年犯年齡合計,男性,107,696
少年犯年齡合計,女性,107,95
12歲未滿,性別合計,107,0
12歲未滿,男性,107,0
12歲未滿,女性,107,0
12－13歲未滿,性別合計,107,0
12－13歲未滿,男性,107,0
12－13歲未滿,女性,107,0
13－14歲未滿,性別合計,107,3
13－14歲未滿,男性,107,3
13－14歲未滿,女性,107,0
14－15歲未滿,性別合計,107,19
14－15歲未滿,男性,107,17
14－15歲未滿,女性,107,2
15－16歲未滿,性別合計,107,51
15－16歲未滿,男性,107,39
15－16歲未滿,女性,107,12
16－17歲未滿,性別合計,107,98
16－17歲未滿,男性,107,83
16－17歲未滿,女性,107,15
17－18歲未滿,性別合計,107,164
17－18歲未滿,男性,107,142
17－18歲未滿,女性,107,22
18歲以上,性別合計,107,456
18歲以上,男性,107,412
18歲以上,女性,107,44
少年犯年齡合計,性別合計,10701,1047
少年犯年齡合計,男性,10701,905
少年犯年齡合計,女性,10701,142
12歲未滿,性別合計,10701,0
12歲未滿,男性,10701,0
12歲未滿,女性,10701,0
12－13歲未滿,性別合計,10701,1
12－13歲未滿,男性,10701,1
12－13歲未滿,女性,10701,0
13－14歲未滿,性別合計,10701,5
13－14歲未滿,男性,10701,4
13－14歲未滿,女性,10701,1
14－15歲未滿,性別合計,10701,31
14－15歲未滿,男性,10701,23
14－15歲未滿,女性,10701,8
15－16歲未滿,性別合計,10701,80
15－16歲未滿,男性,10701,65
15－16歲未滿,女性,10701,15
16－17歲未滿,性別合計,10701,144
16－17歲未滿,男性,10701,120
16－17歲未滿,女性,10701,24
17－18歲未滿,性別合計,10701,224
17－18歲未滿,男性,10701,198
17－18歲未滿,女性,10701,26
18歲以上,性別合計,10701,562
18歲以上,男性,10701,494
18歲以上,女性,10701,68
少年犯年齡合計,性別合計,10702,990
少年犯年齡合計,男性,10702,855
少年犯年齡合計,女性,10702,135
12歲未滿,性別合計,10702,0
12歲未滿,男性,10702,0
12歲未滿,女性,10702,0
12－13歲未滿,性別合計,10702,1
12－13歲未滿,男性,10702,1
12－13歲未滿,女性,10702,0
13－14歲未滿,性別合計,10702,6
13－14歲未滿,男性,10702,5
13－14歲未滿,女性,10702,1
14－15歲未滿,性別合計,10702,28
14－15歲未滿,男性,10702,20
14－15歲未滿,女性,10702,8
15－16歲未滿,性別合計,10702,80
15－16歲未滿,男性,10702,66
15－16歲未滿,女性,10702,14
16－17歲未滿,性別合計,10702,136
16－17歲未滿,男性,10702,114
16－17歲未滿,女性,10702,22
17－18歲未滿,性別合計,10702,200
17－18歲未滿,男性,10702,174
17－18歲未滿,女性,10702,26
18歲以上,性別合計,10702,539
18歲以上,男性,10702,475
18歲以上,女性,10702,64
少年犯年齡合計,性別合計,10703,974
少年犯年齡合計,男性,10703,851
少年犯年齡合計,女性,10703,123
12歲未滿,性別合計,10703,0
12歲未滿,男性,10703,0
12歲未滿,女性,10703,0
12－13歲未滿,性別合計,10703,1
12－13歲未滿,男性,10703,1
12－13歲未滿,女性,10703,0
13－14歲未滿,性別合計,10703,3
13－14歲未滿,男性,10703,3
13－14歲未滿,女性,10703,0
14－15歲未滿,性別合計,10703,30
14－15歲未滿,男性,10703,22
14－15歲未滿,女性,10703,8
15－16歲未滿,性別合計,10703,73
15－16歲未滿,男性,10703,60
15－16歲未滿,女性,10703,13
16－17歲未滿,性別合計,10703,140
16－17歲未滿,男性,10703,119
16－17歲未滿,女性,10703,21
17－18歲未滿,性別合計,10703,192
17－18歲未滿,男性,10703,169
17－18歲未滿,女性,10703,23
18歲以上,性別合計,10703,535
18歲以上,男性,10703,477
18歲以上,女性,10703,58
少年犯年齡合計,性別合計,10704,963
少年犯年齡合計,男性,10704,840
少年犯年齡合計,女性,10704,123
12歲未滿,性別合計,10704,0
12歲未滿,男性,10704,0
12歲未滿,女性,10704,0
12－13歲未滿,性別合計,10704,1
12－13歲未滿,男性,10704,1
12－13歲未滿,女性,10704,0
13－14歲未滿,性別合計,10704,3
13－14歲未滿,男性,10704,2
13－14歲未滿,女性,10704,1
14－15歲未滿,性別合計,10704,28
14－15歲未滿,男性,10704,21
14－15歲未滿,女性,10704,7
15－16歲未滿,性別合計,10704,71
15－16歲未滿,男性,10704,58
15－16歲未滿,女性,10704,13
16－17歲未滿,性別合計,10704,133
16－17歲未滿,男性,10704,114
16－17歲未滿,女性,10704,19
17－18歲未滿,性別合計,10704,186
17－18歲未滿,男性,10704,161
17－18歲未滿,女性,10704,25
18歲以上,性別合計,10704,541
18歲以上,男性,10704,483
18歲以上,女性,10704,58
少年犯年齡合計,性別合計,10705,941
少年犯年齡合計,男性,10705,830
少年犯年齡合計,女性,10705,111
12歲未滿,性別合計,10705,0
12歲未滿,男性,10705,0
12歲未滿,女性,10705,0
12－13歲未滿,性別合計,10705,0
12－13歲未滿,男性,10705,0
12－13歲未滿,女性,10705,0
13－14歲未滿,性別合計,10705,4
13－14歲未滿,男性,10705,3
13－14歲未滿,女性,10705,1
14－15歲未滿,性別合計,10705,25
14－15歲未滿,男性,10705,20
14－15歲未滿,女性,10705,5
15－16歲未滿,性別合計,10705,64
15－16歲未滿,男性,10705,52
15－16歲未滿,女性,10705,12
16－17歲未滿,性別合計,10705,137
16－17歲未滿,男性,10705,117
16－17歲未滿,女性,10705,20
17－18歲未滿,性別合計,10705,190
17－18歲未滿,男性,10705,165
17－18歲未滿,女性,10705,25
18歲以上,性別合計,10705,521
18歲以上,男性,10705,473
18歲以上,女性,10705,48
少年犯年齡合計,性別合計,10706,935
少年犯年齡合計,男性,10706,824
少年犯年齡合計,女性,10706,111
12歲未滿,性別合計,10706,0
12歲未滿,男性,10706,0
12歲未滿,女性,10706,0
12－13歲未滿,性別合計,10706,0
12－13歲未滿,男性,10706,0
12－13歲未滿,女性,10706,0
13－14歲未滿,性別合計,10706,3
13－14歲未滿,男性,10706,3
13－14歲未滿,女性,10706,0
14－15歲未滿,性別合計,10706,27
14－15歲未滿,男性,10706,21
14－15歲未滿,女性,10706,6
15－16歲未滿,性別合計,10706,65
15－16歲未滿,男性,10706,52
15－16歲未滿,女性,10706,13
16－17歲未滿,性別合計,10706,137
16－17歲未滿,男性,10706,115
16－17歲未滿,女性,10706,22
17－18歲未滿,性別合計,10706,177
17－18歲未滿,男性,10706,152
17－18歲未滿,女性,10706,25
18歲以上,性別合計,10706,526
18歲以上,男性,10706,481
18歲以上,女性,10706,45
少年犯年齡合計,性別合計,10707,896
少年犯年齡合計,男性,10707,791
少年犯年齡合計,女性,10707,105
12歲未滿,性別合計,10707,0
12歲未滿,男性,10707,0
12歲未滿,女性,10707,0
12－13歲未滿,性別合計,10707,0
12－13歲未滿,男性,10707,0
12－13歲未滿,女性,10707,0
13－14歲未滿,性別合計,10707,2
13－14歲未滿,男性,10707,2
13－14歲未滿,女性,10707,0
14－15歲未滿,性別合計,10707,25
14－15歲未滿,男性,10707,19
14－15歲未滿,女性,10707,6
15－16歲未滿,性別合計,10707,65
15－16歲未滿,男性,10707,52
15－16歲未滿,女性,10707,13
16－17歲未滿,性別合計,10707,133
16－17歲未滿,男性,10707,114
16－17歲未滿,女性,10707,19
17－18歲未滿,性別合計,10707,168
17－18歲未滿,男性,10707,142
17－18歲未滿,女性,10707,26
18歲以上,性別合計,10707,503
18歲以上,男性,10707,462
18歲以上,女性,10707,41
少年犯年齡合計,性別合計,10708,874
少年犯年齡合計,男性,10708,771
少年犯年齡合計,女性,10708,103
12歲未滿,性別合計,10708,0
12歲未滿,男性,10708,0
12歲未滿,女性,10708,0
12－13歲未滿,性別合計,10708,0
12－13歲未滿,男性,10708,0
12－13歲未滿,女性,10708,0
13－14歲未滿,性別合計,10708,3
13－14歲未滿,男性,10708,3
13－14歲未滿,女性,10708,0
14－15歲未滿,性別合計,10708,19
14－15歲未滿,男性,10708,16
14－15歲未滿,女性,10708,3
15－16歲未滿,性別合計,10708,62
15－16歲未滿,男性,10708,47
15－16歲未滿,女性,10708,15
16－17歲未滿,性別合計,10708,135
16－17歲未滿,男性,10708,117
16－17歲未滿,女性,10708,18
17－18歲未滿,性別合計,10708,163
17－18歲未滿,男性,10708,137
17－18歲未滿,女性,10708,26
18歲以上,性別合計,10708,492
18歲以上,男性,10708,451
18歲以上,女性,10708,41
少年犯年齡合計,性別合計,10709,850
少年犯年齡合計,男性,10709,745
少年犯年齡合計,女性,10709,105
12歲未滿,性別合計,10709,0
12歲未滿,男性,10709,0
12歲未滿,女性,10709,0
12－13歲未滿,性別合計,10709,0
12－13歲未滿,男性,10709,0
12－13歲未滿,女性,10709,0
13－14歲未滿,性別合計,10709,4
13－14歲未滿,男性,10709,4
13－14歲未滿,女性,10709,0
14－15歲未滿,性別合計,10709,20
14－15歲未滿,男性,10709,17
14－15歲未滿,女性,10709,3
15－16歲未滿,性別合計,10709,56
15－16歲未滿,男性,10709,45
15－16歲未滿,女性,10709,11
16－17歲未滿,性別合計,10709,127
16－17歲未滿,男性,10709,107
16－17歲未滿,女性,10709,20
17－18歲未滿,性別合計,10709,160
17－18歲未滿,男性,10709,134
17－18歲未滿,女性,10709,26
18歲以上,性別合計,10709,483
18歲以上,男性,10709,438
18歲以上,女性,10709,45
少年犯年齡合計,性別合計,10710,832
少年犯年齡合計,男性,10710,732
少年犯年齡合計,女性,10710,100
12歲未滿,性別合計,10710,0
12歲未滿,男性,10710,0
12歲未滿,女性,10710,0
12－13歲未滿,性別合計,10710,0
12－13歲未滿,男性,10710,0
12－13歲未滿,女性,10710,0
13－14歲未滿,性別合計,10710,4
13－14歲未滿,男性,10710,4
13－14歲未滿,女性,10710,0
14－15歲未滿,性別合計,10710,20
14－15歲未滿,男性,10710,18
14－15歲未滿,女性,10710,2
15－16歲未滿,性別合計,10710,54
15－16歲未滿,男性,10710,41
15－16歲未滿,女性,10710,13
16－17歲未滿,性別合計,10710,108
16－17歲未滿,男性,10710,92
16－17歲未滿,女性,10710,16
17－18歲未滿,性別合計,10710,166
17－18歲未滿,男性,10710,143
17－18歲未滿,女性,10710,23
18歲以上,性別合計,10710,480
18歲以上,男性,10710,434
18歲以上,女性,10710,46
少年犯年齡合計,性別合計,10711,796
少年犯年齡合計,男性,10711,703
少年犯年齡合計,女性,10711,93
12歲未滿,性別合計,10711,0
12歲未滿,男性,10711,0
12歲未滿,女性,10711,0
12－13歲未滿,性別合計,10711,0
12－13歲未滿,男性,10711,0
12－13歲未滿,女性,10711,0
13－14歲未滿,性別合計,10711,3
13－14歲未滿,男性,10711,3
13－14歲未滿,女性,10711,0
14－15歲未滿,性別合計,10711,22
14－15歲未滿,男性,10711,20
14－15歲未滿,女性,10711,2
15－16歲未滿,性別合計,10711,52
15－16歲未滿,男性,10711,38
15－16歲未滿,女性,10711,14
16－17歲未滿,性別合計,10711,101
16－17歲未滿,男性,10711,86
16－17歲未滿,女性,10711,15
17－18歲未滿,性別合計,10711,164
17－18歲未滿,男性,10711,144
17－18歲未滿,女性,10711,20
18歲以上,性別合計,10711,454
18歲以上,男性,10711,412
18歲以上,女性,10711,42
少年犯年齡合計,性別合計,10712,791
少年犯年齡合計,男性,10712,696
少年犯年齡合計,女性,10712,95
12歲未滿,性別合計,10712,0
12歲未滿,男性,10712,0
12歲未滿,女性,10712,0
12－13歲未滿,性別合計,10712,0
12－13歲未滿,男性,10712,0
12－13歲未滿,女性,10712,0
13－14歲未滿,性別合計,10712,3
13－14歲未滿,男性,10712,3
13－14歲未滿,女性,10712,0
14－15歲未滿,性別合計,10712,19
14－15歲未滿,男性,10712,17
14－15歲未滿,女性,10712,2
15－16歲未滿,性別合計,10712,51
15－16歲未滿,男性,10712,39
15－16歲未滿,女性,10712,12
16－17歲未滿,性別合計,10712,98
16－17歲未滿,男性,10712,83
16－17歲未滿,女性,10712,15
17－18歲未滿,性別合計,10712,164
17－18歲未滿,男性,10712,142
17－18歲未滿,女性,10712,22
18歲以上,性別合計,10712,456
18歲以上,男性,10712,412
18歲以上,女性,10712,44
少年犯年齡合計,性別合計,108,662
少年犯年齡合計,男性,108,578
少年犯年齡合計,女性,108,84
12歲未滿,性別合計,108,0
12歲未滿,男性,108,0
12歲未滿,女性,108,0
12－13歲未滿,性別合計,108,0
12－13歲未滿,男性,108,0
12－13歲未滿,女性,108,0
13－14歲未滿,性別合計,108,0
13－14歲未滿,男性,108,0
13－14歲未滿,女性,108,0
14－15歲未滿,性別合計,108,15
14－15歲未滿,男性,108,14
14－15歲未滿,女性,108,1
15－16歲未滿,性別合計,108,46
15－16歲未滿,男性,108,36
15－16歲未滿,女性,108,10
16－17歲未滿,性別合計,108,83
16－17歲未滿,男性,108,70
16－17歲未滿,女性,108,13
17－18歲未滿,性別合計,108,126
17－18歲未滿,男性,108,106
17－18歲未滿,女性,108,20
18歲以上,性別合計,108,392
18歲以上,男性,108,352
18歲以上,女性,108,40
少年犯年齡合計,性別合計,10801,775
少年犯年齡合計,男性,10801,684
少年犯年齡合計,女性,10801,91
12歲未滿,性別合計,10801,0
12歲未滿,男性,10801,0
12歲未滿,女性,10801,0
12－13歲未滿,性別合計,10801,0
12－13歲未滿,男性,10801,0
12－13歲未滿,女性,10801,0
13－14歲未滿,性別合計,10801,3
13－14歲未滿,男性,10801,3
13－14歲未滿,女性,10801,0
14－15歲未滿,性別合計,10801,21
14－15歲未滿,男性,10801,18
14－15歲未滿,女性,10801,3
15－16歲未滿,性別合計,10801,46
15－16歲未滿,男性,10801,36
15－16歲未滿,女性,10801,10
16－17歲未滿,性別合計,10801,96
16－17歲未滿,男性,10801,81
16－17歲未滿,女性,10801,15
17－18歲未滿,性別合計,10801,165
17－18歲未滿,男性,10801,144
17－18歲未滿,女性,10801,21
18歲以上,性別合計,10801,444
18歲以上,男性,10801,402
18歲以上,女性,10801,42
少年犯年齡合計,性別合計,10802,762
少年犯年齡合計,男性,10802,671
少年犯年齡合計,女性,10802,91
12歲未滿,性別合計,10802,0
12歲未滿,男性,10802,0
12歲未滿,女性,10802,0
12－13歲未滿,性別合計,10802,0
12－13歲未滿,男性,10802,0
12－13歲未滿,女性,10802,0
13－14歲未滿,性別合計,10802,2
13－14歲未滿,男性,10802,2
13－14歲未滿,女性,10802,0
14－15歲未滿,性別合計,10802,23
14－15歲未滿,男性,10802,20
14－15歲未滿,女性,10802,3
15－16歲未滿,性別合計,10802,43
15－16歲未滿,男性,10802,34
15－16歲未滿,女性,10802,9
16－17歲未滿,性別合計,10802,92
16－17歲未滿,男性,10802,77
16－17歲未滿,女性,10802,15
17－18歲未滿,性別合計,10802,157
17－18歲未滿,男性,10802,135
17－18歲未滿,女性,10802,22
18歲以上,性別合計,10802,445
18歲以上,男性,10802,403
18歲以上,女性,10802,42
少年犯年齡合計,性別合計,10803,754
少年犯年齡合計,男性,10803,666
少年犯年齡合計,女性,10803,88
12歲未滿,性別合計,10803,0
12歲未滿,男性,10803,0
12歲未滿,女性,10803,0
12－13歲未滿,性別合計,10803,0
12－13歲未滿,男性,10803,0
12－13歲未滿,女性,10803,0
13－14歲未滿,性別合計,10803,2
13－14歲未滿,男性,10803,2
13－14歲未滿,女性,10803,0
14－15歲未滿,性別合計,10803,24
14－15歲未滿,男性,10803,20
14－15歲未滿,女性,10803,4
15－16歲未滿,性別合計,10803,42
15－16歲未滿,男性,10803,35
15－16歲未滿,女性,10803,7
16－17歲未滿,性別合計,10803,86
16－17歲未滿,男性,10803,72
16－17歲未滿,女性,10803,14
17－18歲未滿,性別合計,10803,156
17－18歲未滿,男性,10803,136
17－18歲未滿,女性,10803,20
18歲以上,性別合計,10803,444
18歲以上,男性,10803,401
18歲以上,女性,10803,43
少年犯年齡合計,性別合計,10804,717
少年犯年齡合計,男性,10804,635
少年犯年齡合計,女性,10804,82
12歲未滿,性別合計,10804,0
12歲未滿,男性,10804,0
12歲未滿,女性,10804,0
12－13歲未滿,性別合計,10804,0
12－13歲未滿,男性,10804,0
12－13歲未滿,女性,10804,0
13－14歲未滿,性別合計,10804,2
13－14歲未滿,男性,10804,2
13－14歲未滿,女性,10804,0
14－15歲未滿,性別合計,10804,20
14－15歲未滿,男性,10804,17
14－15歲未滿,女性,10804,3
15－16歲未滿,性別合計,10804,40
15－16歲未滿,男性,10804,34
15－16歲未滿,女性,10804,6
16－17歲未滿,性別合計,10804,78
16－17歲未滿,男性,10804,62
16－17歲未滿,女性,10804,16
17－18歲未滿,性別合計,10804,150
17－18歲未滿,男性,10804,135
17－18歲未滿,女性,10804,15
18歲以上,性別合計,10804,427
18歲以上,男性,10804,385
18歲以上,女性,10804,42
少年犯年齡合計,性別合計,10805,706
少年犯年齡合計,男性,10805,622
少年犯年齡合計,女性,10805,84
12歲未滿,性別合計,10805,0
12歲未滿,男性,10805,0
12歲未滿,女性,10805,0
12－13歲未滿,性別合計,10805,0
12－13歲未滿,男性,10805,0
12－13歲未滿,女性,10805,0
13－14歲未滿,性別合計,10805,1
13－14歲未滿,男性,10805,1
13－14歲未滿,女性,10805,0
14－15歲未滿,性別合計,10805,16
14－15歲未滿,男性,10805,13
14－15歲未滿,女性,10805,3
15－16歲未滿,性別合計,10805,45
15－16歲未滿,男性,10805,37
15－16歲未滿,女性,10805,8
16－17歲未滿,性別合計,10805,78
16－17歲未滿,男性,10805,62
16－17歲未滿,女性,10805,16
17－18歲未滿,性別合計,10805,145
17－18歲未滿,男性,10805,130
17－18歲未滿,女性,10805,15
18歲以上,性別合計,10805,421
18歲以上,男性,10805,379
18歲以上,女性,10805,42
少年犯年齡合計,性別合計,10806,718
少年犯年齡合計,男性,10806,635
少年犯年齡合計,女性,10806,83
12歲未滿,性別合計,10806,0
12歲未滿,男性,10806,0
12歲未滿,女性,10806,0
12－13歲未滿,性別合計,10806,0
12－13歲未滿,男性,10806,0
12－13歲未滿,女性,10806,0
13－14歲未滿,性別合計,10806,1
13－14歲未滿,男性,10806,1
13－14歲未滿,女性,10806,0
14－15歲未滿,性別合計,10806,10
14－15歲未滿,男性,10806,9
14－15歲未滿,女性,10806,1
15－16歲未滿,性別合計,10806,57
15－16歲未滿,男性,10806,47
15－16歲未滿,女性,10806,10
16－17歲未滿,性別合計,10806,82
16－17歲未滿,男性,10806,64
16－17歲未滿,女性,10806,18
17－18歲未滿,性別合計,10806,150
17－18歲未滿,男性,10806,133
17－18歲未滿,女性,10806,17
18歲以上,性別合計,10806,418
18歲以上,男性,10806,381
18歲以上,女性,10806,37
少年犯年齡合計,性別合計,10807,699
少年犯年齡合計,男性,10807,617
少年犯年齡合計,女性,10807,82
12歲未滿,性別合計,10807,0
12歲未滿,男性,10807,0
12歲未滿,女性,10807,0
12－13歲未滿,性別合計,10807,0
12－13歲未滿,男性,10807,0
12－13歲未滿,女性,10807,0
13－14歲未滿,性別合計,10807,0
13－14歲未滿,男性,10807,0
13－14歲未滿,女性,10807,0
14－15歲未滿,性別合計,10807,10
14－15歲未滿,男性,10807,9
14－15歲未滿,女性,10807,1
15－16歲未滿,性別合計,10807,63
15－16歲未滿,男性,10807,51
15－16歲未滿,女性,10807,12
16－17歲未滿,性別合計,10807,74
16－17歲未滿,男性,10807,58
16－17歲未滿,女性,10807,16
17－18歲未滿,性別合計,10807,150
17－18歲未滿,男性,10807,133
17－18歲未滿,女性,10807,17
18歲以上,性別合計,10807,402
18歲以上,男性,10807,366
18歲以上,女性,10807,36
少年犯年齡合計,性別合計,10808,672
少年犯年齡合計,男性,10808,594
少年犯年齡合計,女性,10808,78
12歲未滿,性別合計,10808,0
12歲未滿,男性,10808,0
12歲未滿,女性,10808,0
12－13歲未滿,性別合計,10808,0
12－13歲未滿,男性,10808,0
12－13歲未滿,女性,10808,0
13－14歲未滿,性別合計,10808,0
13－14歲未滿,男性,10808,0
13－14歲未滿,女性,10808,0
14－15歲未滿,性別合計,10808,12
14－15歲未滿,男性,10808,11
14－15歲未滿,女性,10808,1
15－16歲未滿,性別合計,10808,58
15－16歲未滿,男性,10808,47
15－16歲未滿,女性,10808,11
16－17歲未滿,性別合計,10808,78
16－17歲未滿,男性,10808,61
16－17歲未滿,女性,10808,17
17－18歲未滿,性別合計,10808,146
17－18歲未滿,男性,10808,131
17－18歲未滿,女性,10808,15
18歲以上,性別合計,10808,378
18歲以上,男性,10808,344
18歲以上,女性,10808,34
少年犯年齡合計,性別合計,10809,649
少年犯年齡合計,男性,10809,573
少年犯年齡合計,女性,10809,76
12歲未滿,性別合計,10809,0
12歲未滿,男性,10809,0
12歲未滿,女性,10809,0
12－13歲未滿,性別合計,10809,0
12－13歲未滿,男性,10809,0
12－13歲未滿,女性,10809,0
13－14歲未滿,性別合計,10809,0
13－14歲未滿,男性,10809,0
13－14歲未滿,女性,10809,0
14－15歲未滿,性別合計,10809,16
14－15歲未滿,男性,10809,15
14－15歲未滿,女性,10809,1
15－16歲未滿,性別合計,10809,49
15－16歲未滿,男性,10809,40
15－16歲未滿,女性,10809,9
16－17歲未滿,性別合計,10809,73
16－17歲未滿,男性,10809,62
16－17歲未滿,女性,10809,11
17－18歲未滿,性別合計,10809,137
17－18歲未滿,男性,10809,120
17－18歲未滿,女性,10809,17
18歲以上,性別合計,10809,374
18歲以上,男性,10809,336
18歲以上,女性,10809,38
少年犯年齡合計,性別合計,10810,646
少年犯年齡合計,男性,10810,563
少年犯年齡合計,女性,10810,83
12歲未滿,性別合計,10810,0
12歲未滿,男性,10810,0
12歲未滿,女性,10810,0
12－13歲未滿,性別合計,10810,0
12－13歲未滿,男性,10810,0
12－13歲未滿,女性,10810,0
13－14歲未滿,性別合計,10810,0
13－14歲未滿,男性,10810,0
13－14歲未滿,女性,10810,0
14－15歲未滿,性別合計,10810,15
14－15歲未滿,男性,10810,14
14－15歲未滿,女性,10810,1
15－16歲未滿,性別合計,10810,45
15－16歲未滿,男性,10810,34
15－16歲未滿,女性,10810,11
16－17歲未滿,性別合計,10810,78
16－17歲未滿,男性,10810,67
16－17歲未滿,女性,10810,11
17－18歲未滿,性別合計,10810,125
17－18歲未滿,男性,10810,109
17－18歲未滿,女性,10810,16
18歲以上,性別合計,10810,383
18歲以上,男性,10810,339
18歲以上,女性,10810,44
少年犯年齡合計,性別合計,10811,637
少年犯年齡合計,男性,10811,557
少年犯年齡合計,女性,10811,80
12歲未滿,性別合計,10811,0
12歲未滿,男性,10811,0
12歲未滿,女性,10811,0
12－13歲未滿,性別合計,10811,0
12－13歲未滿,男性,10811,0
12－13歲未滿,女性,10811,0
13－14歲未滿,性別合計,10811,0
13－14歲未滿,男性,10811,0
13－14歲未滿,女性,10811,0
14－15歲未滿,性別合計,10811,15
14－15歲未滿,男性,10811,14
14－15歲未滿,女性,10811,1
15－16歲未滿,性別合計,10811,45
15－16歲未滿,男性,10811,36
15－16歲未滿,女性,10811,9
16－17歲未滿,性別合計,10811,77
16－17歲未滿,男性,10811,62
16－17歲未滿,女性,10811,15
17－18歲未滿,性別合計,10811,125
17－18歲未滿,男性,10811,109
17－18歲未滿,女性,10811,16
18歲以上,性別合計,10811,375
18歲以上,男性,10811,336
18歲以上,女性,10811,39
少年犯年齡合計,性別合計,10812,662
少年犯年齡合計,男性,10812,578
少年犯年齡合計,女性,10812,84
12歲未滿,性別合計,10812,0
12歲未滿,男性,10812,0
12歲未滿,女性,10812,0
12－13歲未滿,性別合計,10812,0
12－13歲未滿,男性,10812,0
12－13歲未滿,女性,10812,0
13－14歲未滿,性別合計,10812,0
13－14歲未滿,男性,10812,0
13－14歲未滿,女性,10812,0
14－15歲未滿,性別合計,10812,15
14－15歲未滿,男性,10812,14
14－15歲未滿,女性,10812,1
15－16歲未滿,性別合計,10812,46
15－16歲未滿,男性,10812,36
15－16歲未滿,女性,10812,10
16－17歲未滿,性別合計,10812,83
16－17歲未滿,男性,10812,70
16－17歲未滿,女性,10812,13
17－18歲未滿,性別合計,10812,126
17－18歲未滿,男性,10812,106
17－18歲未滿,女性,10812,20
18歲以上,性別合計,10812,392
18歲以上,男性,10812,352
18歲以上,女性,10812,40
少年犯年齡合計,性別合計,109,706
少年犯年齡合計,男性,109,642
少年犯年齡合計,女性,109,64
12歲未滿,性別合計,109,0
12歲未滿,男性,109,0
12歲未滿,女性,109,0
12－13歲未滿,性別合計,109,0
12－13歲未滿,男性,109,0
12－13歲未滿,女性,109,0
13－14歲未滿,性別合計,109,0
13－14歲未滿,男性,109,0
13－14歲未滿,女性,109,0
14－15歲未滿,性別合計,109,8
14－15歲未滿,男性,109,8
14－15歲未滿,女性,109,0
15－16歲未滿,性別合計,109,53
15－16歲未滿,男性,109,47
15－16歲未滿,女性,109,6
16－17歲未滿,性別合計,109,100
16－17歲未滿,男性,109,86
16－17歲未滿,女性,109,14
17－18歲未滿,性別合計,109,157
17－18歲未滿,男性,109,138
17－18歲未滿,女性,109,19
18歲以上,性別合計,109,388
18歲以上,男性,109,363
18歲以上,女性,109,25
少年犯年齡合計,性別合計,10901,659
少年犯年齡合計,男性,10901,576
少年犯年齡合計,女性,10901,83
12歲未滿,性別合計,10901,0
12歲未滿,男性,10901,0
12歲未滿,女性,10901,0
12－13歲未滿,性別合計,10901,0
12－13歲未滿,男性,10901,0
12－13歲未滿,女性,10901,0
13－14歲未滿,性別合計,10901,0
13－14歲未滿,男性,10901,0
13－14歲未滿,女性,10901,0
14－15歲未滿,性別合計,10901,13
14－15歲未滿,男性,10901,13
14－15歲未滿,女性,10901,0
15－16歲未滿,性別合計,10901,56
15－16歲未滿,男性,10901,44
15－16歲未滿,女性,10901,12
16－17歲未滿,性別合計,10901,74
16－17歲未滿,男性,10901,61
16－17歲未滿,女性,10901,13
17－18歲未滿,性別合計,10901,126
17－18歲未滿,男性,10901,107
17－18歲未滿,女性,10901,19
18歲以上,性別合計,10901,390
18歲以上,男性,10901,351
18歲以上,女性,10901,39
少年犯年齡合計,性別合計,10902,654
少年犯年齡合計,男性,10902,573
少年犯年齡合計,女性,10902,81
12歲未滿,性別合計,10902,0
12歲未滿,男性,10902,0
12歲未滿,女性,10902,0
12－13歲未滿,性別合計,10902,0
12－13歲未滿,男性,10902,0
12－13歲未滿,女性,10902,0
13－14歲未滿,性別合計,10902,0
13－14歲未滿,男性,10902,0
13－14歲未滿,女性,10902,0
14－15歲未滿,性別合計,10902,12
14－15歲未滿,男性,10902,12
14－15歲未滿,女性,10902,0
15－16歲未滿,性別合計,10902,52
15－16歲未滿,男性,10902,42
15－16歲未滿,女性,10902,10
16－17歲未滿,性別合計,10902,75
16－17歲未滿,男性,10902,61
16－17歲未滿,女性,10902,14
17－18歲未滿,性別合計,10902,128
17－18歲未滿,男性,10902,111
17－18歲未滿,女性,10902,17
18歲以上,性別合計,10902,387
18歲以上,男性,10902,347
18歲以上,女性,10902,40
少年犯年齡合計,性別合計,10903,664
少年犯年齡合計,男性,10903,583
少年犯年齡合計,女性,10903,81
12歲未滿,性別合計,10903,0
12歲未滿,男性,10903,0
12歲未滿,女性,10903,0
12－13歲未滿,性別合計,10903,0
12－13歲未滿,男性,10903,0
12－13歲未滿,女性,10903,0
13－14歲未滿,性別合計,10903,0
13－14歲未滿,男性,10903,0
13－14歲未滿,女性,10903,0
14－15歲未滿,性別合計,10903,14
14－15歲未滿,男性,10903,13
14－15歲未滿,女性,10903,1
15－16歲未滿,性別合計,10903,49
15－16歲未滿,男性,10903,41
15－16歲未滿,女性,10903,8
16－17歲未滿,性別合計,10903,83
16－17歲未滿,男性,10903,68
16－17歲未滿,女性,10903,15
17－18歲未滿,性別合計,10903,126
17－18歲未滿,男性,10903,108
17－18歲未滿,女性,10903,18
18歲以上,性別合計,10903,392
18歲以上,男性,10903,353
18歲以上,女性,10903,39
少年犯年齡合計,性別合計,10904,676
少年犯年齡合計,男性,10904,599
少年犯年齡合計,女性,10904,77
12歲未滿,性別合計,10904,0
12歲未滿,男性,10904,0
12歲未滿,女性,10904,0
12－13歲未滿,性別合計,10904,0
12－13歲未滿,男性,10904,0
12－13歲未滿,女性,10904,0
13－14歲未滿,性別合計,10904,0
13－14歲未滿,男性,10904,0
13－14歲未滿,女性,10904,0
14－15歲未滿,性別合計,10904,12
14－15歲未滿,男性,10904,11
14－15歲未滿,女性,10904,1
15－16歲未滿,性別合計,10904,46
15－16歲未滿,男性,10904,39
15－16歲未滿,女性,10904,7
16－17歲未滿,性別合計,10904,87
16－17歲未滿,男性,10904,70
16－17歲未滿,女性,10904,17
17－18歲未滿,性別合計,10904,129
17－18歲未滿,男性,10904,112
17－18歲未滿,女性,10904,17
18歲以上,性別合計,10904,402
18歲以上,男性,10904,367
18歲以上,女性,10904,35
少年犯年齡合計,性別合計,10905,689
少年犯年齡合計,男性,10905,611
少年犯年齡合計,女性,10905,78
12歲未滿,性別合計,10905,0
12歲未滿,男性,10905,0
12歲未滿,女性,10905,0
12－13歲未滿,性別合計,10905,0
12－13歲未滿,男性,10905,0
12－13歲未滿,女性,10905,0
13－14歲未滿,性別合計,10905,0
13－14歲未滿,男性,10905,0
13－14歲未滿,女性,10905,0
14－15歲未滿,性別合計,10905,9
14－15歲未滿,男性,10905,8
14－15歲未滿,女性,10905,1
15－16歲未滿,性別合計,10905,49
15－16歲未滿,男性,10905,40
15－16歲未滿,女性,10905,9
16－17歲未滿,性別合計,10905,93
16－17歲未滿,男性,10905,75
16－17歲未滿,女性,10905,18
17－18歲未滿,性別合計,10905,122
17－18歲未滿,男性,10905,108
17－18歲未滿,女性,10905,14
18歲以上,性別合計,10905,416
18歲以上,男性,10905,380
18歲以上,女性,10905,36
少年犯年齡合計,性別合計,10906,686
少年犯年齡合計,男性,10906,607
少年犯年齡合計,女性,10906,79
12歲未滿,性別合計,10906,0
12歲未滿,男性,10906,0
12歲未滿,女性,10906,0
12－13歲未滿,性別合計,10906,0
12－13歲未滿,男性,10906,0
12－13歲未滿,女性,10906,0
13－14歲未滿,性別合計,10906,0
13－14歲未滿,男性,10906,0
13－14歲未滿,女性,10906,0
14－15歲未滿,性別合計,10906,5
14－15歲未滿,男性,10906,4
14－15歲未滿,女性,10906,1
15－16歲未滿,性別合計,10906,46
15－16歲未滿,男性,10906,40
15－16歲未滿,女性,10906,6
16－17歲未滿,性別合計,10906,93
16－17歲未滿,男性,10906,74
16－17歲未滿,女性,10906,19
17－18歲未滿,性別合計,10906,123
17－18歲未滿,男性,10906,110
17－18歲未滿,女性,10906,13
18歲以上,性別合計,10906,419
18歲以上,男性,10906,379
18歲以上,女性,10906,40
少年犯年齡合計,性別合計,10907,659
少年犯年齡合計,男性,10907,587
少年犯年齡合計,女性,10907,72
12歲未滿,性別合計,10907,0
12歲未滿,男性,10907,0
12歲未滿,女性,10907,0
12－13歲未滿,性別合計,10907,0
12－13歲未滿,男性,10907,0
12－13歲未滿,女性,10907,0
13－14歲未滿,性別合計,10907,1
13－14歲未滿,男性,10907,1
13－14歲未滿,女性,10907,0
14－15歲未滿,性別合計,10907,10
14－15歲未滿,男性,10907,9
14－15歲未滿,女性,10907,1
15－16歲未滿,性別合計,10907,47
15－16歲未滿,男性,10907,40
15－16歲未滿,女性,10907,7
16－17歲未滿,性別合計,10907,92
16－17歲未滿,男性,10907,77
16－17歲未滿,女性,10907,15
17－18歲未滿,性別合計,10907,112
17－18歲未滿,男性,10907,100
17－18歲未滿,女性,10907,12
18歲以上,性別合計,10907,397
18歲以上,男性,10907,360
18歲以上,女性,10907,37
少年犯年齡合計,性別合計,10908,665
少年犯年齡合計,男性,10908,598
少年犯年齡合計,女性,10908,67
12歲未滿,性別合計,10908,0
12歲未滿,男性,10908,0
12歲未滿,女性,10908,0
12－13歲未滿,性別合計,10908,0
12－13歲未滿,男性,10908,0
12－13歲未滿,女性,10908,0
13－14歲未滿,性別合計,10908,0
13－14歲未滿,男性,10908,0
13－14歲未滿,女性,10908,0
14－15歲未滿,性別合計,10908,7
14－15歲未滿,男性,10908,7
14－15歲未滿,女性,10908,0
15－16歲未滿,性別合計,10908,52
15－16歲未滿,男性,10908,43
15－16歲未滿,女性,10908,9
16－17歲未滿,性別合計,10908,93
16－17歲未滿,男性,10908,79
16－17歲未滿,女性,10908,14
17－18歲未滿,性別合計,10908,121
17－18歲未滿,男性,10908,110
17－18歲未滿,女性,10908,11
18歲以上,性別合計,10908,392
18歲以上,男性,10908,359
18歲以上,女性,10908,33
少年犯年齡合計,性別合計,10909,655
少年犯年齡合計,男性,10909,591
少年犯年齡合計,女性,10909,64
12歲未滿,性別合計,10909,0
12歲未滿,男性,10909,0
12歲未滿,女性,10909,0
12－13歲未滿,性別合計,10909,0
12－13歲未滿,男性,10909,0
12－13歲未滿,女性,10909,0
13－14歲未滿,性別合計,10909,0
13－14歲未滿,男性,10909,0
13－14歲未滿,女性,10909,0
14－15歲未滿,性別合計,10909,7
14－15歲未滿,男性,10909,7
14－15歲未滿,女性,10909,0
15－16歲未滿,性別合計,10909,57
15－16歲未滿,男性,10909,49
15－16歲未滿,女性,10909,8
16－17歲未滿,性別合計,10909,91
16－17歲未滿,男性,10909,78
16－17歲未滿,女性,10909,13
17－18歲未滿,性別合計,10909,127
17－18歲未滿,男性,10909,115
17－18歲未滿,女性,10909,12
18歲以上,性別合計,10909,373
18歲以上,男性,10909,342
18歲以上,女性,10909,31
少年犯年齡合計,性別合計,10910,662
少年犯年齡合計,男性,10910,601
少年犯年齡合計,女性,10910,61
12歲未滿,性別合計,10910,0
12歲未滿,男性,10910,0
12歲未滿,女性,10910,0
12－13歲未滿,性別合計,10910,0
12－13歲未滿,男性,10910,0
12－13歲未滿,女性,10910,0
13－14歲未滿,性別合計,10910,0
13－14歲未滿,男性,10910,0
13－14歲未滿,女性,10910,0
14－15歲未滿,性別合計,10910,7
14－15歲未滿,男性,10910,7
14－15歲未滿,女性,10910,0
15－16歲未滿,性別合計,10910,52
15－16歲未滿,男性,10910,46
15－16歲未滿,女性,10910,6
16－17歲未滿,性別合計,10910,91
16－17歲未滿,男性,10910,80
16－17歲未滿,女性,10910,11
17－18歲未滿,性別合計,10910,135
17－18歲未滿,男性,10910,119
17－18歲未滿,女性,10910,16
18歲以上,性別合計,10910,377
18歲以上,男性,10910,349
18歲以上,女性,10910,28
少年犯年齡合計,性別合計,10911,688
少年犯年齡合計,男性,10911,625
少年犯年齡合計,女性,10911,63
12歲未滿,性別合計,10911,0
12歲未滿,男性,10911,0
12歲未滿,女性,10911,0
12－13歲未滿,性別合計,10911,0
12－13歲未滿,男性,10911,0
12－13歲未滿,女性,10911,0
13－14歲未滿,性別合計,10911,0
13－14歲未滿,男性,10911,0
13－14歲未滿,女性,10911,0
14－15歲未滿,性別合計,10911,6
14－15歲未滿,男性,10911,6
14－15歲未滿,女性,10911,0
15－16歲未滿,性別合計,10911,54
15－16歲未滿,男性,10911,48
15－16歲未滿,女性,10911,6
16－17歲未滿,性別合計,10911,100
16－17歲未滿,男性,10911,88
16－17歲未滿,女性,10911,12
17－18歲未滿,性別合計,10911,143
17－18歲未滿,男性,10911,125
17－18歲未滿,女性,10911,18
18歲以上,性別合計,10911,385
18歲以上,男性,10911,358
18歲以上,女性,10911,27
少年犯年齡合計,性別合計,10912,706
少年犯年齡合計,男性,10912,642
少年犯年齡合計,女性,10912,64
12歲未滿,性別合計,10912,0
12歲未滿,男性,10912,0
12歲未滿,女性,10912,0
12－13歲未滿,性別合計,10912,0
12－13歲未滿,男性,10912,0
12－13歲未滿,女性,10912,0
13－14歲未滿,性別合計,10912,0
13－14歲未滿,男性,10912,0
13－14歲未滿,女性,10912,0
14－15歲未滿,性別合計,10912,8
14－15歲未滿,男性,10912,8
14－15歲未滿,女性,10912,0
15－16歲未滿,性別合計,10912,53
15－16歲未滿,男性,10912,47
15－16歲未滿,女性,10912,6
16－17歲未滿,性別合計,10912,100
16－17歲未滿,男性,10912,86
16－17歲未滿,女性,10912,14
17－18歲未滿,性別合計,10912,157
17－18歲未滿,男性,10912,138
17－18歲未滿,女性,10912,19
18歲以上,性別合計,10912,388
18歲以上,男性,10912,363
18歲以上,女性,10912,25
少年犯年齡合計,性別合計,110,636
少年犯年齡合計,男性,110,584
少年犯年齡合計,女性,110,52
12歲未滿,性別合計,110,0
12歲未滿,男性,110,0
12歲未滿,女性,110,0
12－13歲未滿,性別合計,110,0
12－13歲未滿,男性,110,0
12－13歲未滿,女性,110,0
13－14歲未滿,性別合計,110,0
13－14歲未滿,男性,110,0
13－14歲未滿,女性,110,0
14－15歲未滿,性別合計,110,5
14－15歲未滿,男性,110,4
14－15歲未滿,女性,110,1
15－16歲未滿,性別合計,110,35
15－16歲未滿,男性,110,29
15－16歲未滿,女性,110,6
16－17歲未滿,性別合計,110,89
16－17歲未滿,男性,110,77
16－17歲未滿,女性,110,12
17－18歲未滿,性別合計,110,132
17－18歲未滿,男性,110,120
17－18歲未滿,女性,110,12
18歲以上,性別合計,110,375
18歲以上,男性,110,354
18歲以上,女性,110,21
少年犯年齡合計,性別合計,11001,720
少年犯年齡合計,男性,11001,650
少年犯年齡合計,女性,11001,70
12歲未滿,性別合計,11001,0
12歲未滿,男性,11001,0
12歲未滿,女性,11001,0
12－13歲未滿,性別合計,11001,0
12－13歲未滿,男性,11001,0
12－13歲未滿,女性,11001,0
13－14歲未滿,性別合計,11001,0
13－14歲未滿,男性,11001,0
13－14歲未滿,女性,11001,0
14－15歲未滿,性別合計,11001,9
14－15歲未滿,男性,11001,9
14－15歲未滿,女性,11001,0
15－16歲未滿,性別合計,11001,55
15－16歲未滿,男性,11001,48
15－16歲未滿,女性,11001,7
16－17歲未滿,性別合計,11001,108
16－17歲未滿,男性,11001,92
16－17歲未滿,女性,11001,16
17－18歲未滿,性別合計,11001,154
17－18歲未滿,男性,11001,135
17－18歲未滿,女性,11001,19
18歲以上,性別合計,11001,394
18歲以上,男性,11001,366
18歲以上,女性,11001,28
少年犯年齡合計,性別合計,11002,680
少年犯年齡合計,男性,11002,617
少年犯年齡合計,女性,11002,63
12歲未滿,性別合計,11002,0
12歲未滿,男性,11002,0
12歲未滿,女性,11002,0
12－13歲未滿,性別合計,11002,0
12－13歲未滿,男性,11002,0
12－13歲未滿,女性,11002,0
13－14歲未滿,性別合計,11002,0
13－14歲未滿,男性,11002,0
13－14歲未滿,女性,11002,0
14－15歲未滿,性別合計,11002,10
14－15歲未滿,男性,11002,10
14－15歲未滿,女性,11002,0
15－16歲未滿,性別合計,11002,47
15－16歲未滿,男性,11002,41
15－16歲未滿,女性,11002,6
16－17歲未滿,性別合計,11002,105
16－17歲未滿,男性,11002,89
16－17歲未滿,女性,11002,16
17－18歲未滿,性別合計,11002,137
17－18歲未滿,男性,11002,121
17－18歲未滿,女性,11002,16
18歲以上,性別合計,11002,381
18歲以上,男性,11002,356
18歲以上,女性,11002,25
少年犯年齡合計,性別合計,11003,702
少年犯年齡合計,男性,11003,639
少年犯年齡合計,女性,11003,63
12歲未滿,性別合計,11003,0
12歲未滿,男性,11003,0
12歲未滿,女性,11003,0
12－13歲未滿,性別合計,11003,0
12－13歲未滿,男性,11003,0
12－13歲未滿,女性,11003,0
13－14歲未滿,性別合計,11003,0
13－14歲未滿,男性,11003,0
13－14歲未滿,女性,11003,0
14－15歲未滿,性別合計,11003,10
14－15歲未滿,男性,11003,10
14－15歲未滿,女性,11003,0
15－16歲未滿,性別合計,11003,44
15－16歲未滿,男性,11003,38
15－16歲未滿,女性,11003,6
16－17歲未滿,性別合計,11003,93
16－17歲未滿,男性,11003,80
16－17歲未滿,女性,11003,13
17－18歲未滿,性別合計,11003,146
17－18歲未滿,男性,11003,129
17－18歲未滿,女性,11003,17
18歲以上,性別合計,11003,409
18歲以上,男性,11003,382
18歲以上,女性,11003,27
少年犯年齡合計,性別合計,11004,700
少年犯年齡合計,男性,11004,635
少年犯年齡合計,女性,11004,65
12歲未滿,性別合計,11004,0
12歲未滿,男性,11004,0
12歲未滿,女性,11004,0
12－13歲未滿,性別合計,11004,0
12－13歲未滿,男性,11004,0
12－13歲未滿,女性,11004,0
13－14歲未滿,性別合計,11004,0
13－14歲未滿,男性,11004,0
13－14歲未滿,女性,11004,0
14－15歲未滿,性別合計,11004,10
14－15歲未滿,男性,11004,10
14－15歲未滿,女性,11004,0
15－16歲未滿,性別合計,11004,46
15－16歲未滿,男性,11004,39
15－16歲未滿,女性,11004,7
16－17歲未滿,性別合計,11004,94
16－17歲未滿,男性,11004,80
16－17歲未滿,女性,11004,14
17－18歲未滿,性別合計,11004,142
17－18歲未滿,男性,11004,124
17－18歲未滿,女性,11004,18
18歲以上,性別合計,11004,408
18歲以上,男性,11004,382
18歲以上,女性,11004,26
少年犯年齡合計,性別合計,11005,712
少年犯年齡合計,男性,11005,641
少年犯年齡合計,女性,11005,71
12歲未滿,性別合計,11005,0
12歲未滿,男性,11005,0
12歲未滿,女性,11005,0
12－13歲未滿,性別合計,11005,0
12－13歲未滿,男性,11005,0
12－13歲未滿,女性,11005,0
13－14歲未滿,性別合計,11005,0
13－14歲未滿,男性,11005,0
13－14歲未滿,女性,11005,0
14－15歲未滿,性別合計,11005,9
14－15歲未滿,男性,11005,8
14－15歲未滿,女性,11005,1
15－16歲未滿,性別合計,11005,45
15－16歲未滿,男性,11005,38
15－16歲未滿,女性,11005,7
16－17歲未滿,性別合計,11005,95
16－17歲未滿,男性,11005,81
16－17歲未滿,女性,11005,14
17－18歲未滿,性別合計,11005,137
17－18歲未滿,男性,11005,118
17－18歲未滿,女性,11005,19
18歲以上,性別合計,11005,426
18歲以上,男性,11005,396
18歲以上,女性,11005,30
少年犯年齡合計,性別合計,11006,708
少年犯年齡合計,男性,11006,637
少年犯年齡合計,女性,11006,71
12歲未滿,性別合計,11006,0
12歲未滿,男性,11006,0
12歲未滿,女性,11006,0
12－13歲未滿,性別合計,11006,0
12－13歲未滿,男性,11006,0
12－13歲未滿,女性,11006,0
13－14歲未滿,性別合計,11006,0
13－14歲未滿,男性,11006,0
13－14歲未滿,女性,11006,0
14－15歲未滿,性別合計,11006,8
14－15歲未滿,男性,11006,7
14－15歲未滿,女性,11006,1
15－16歲未滿,性別合計,11006,39
15－16歲未滿,男性,11006,34
15－16歲未滿,女性,11006,5
16－17歲未滿,性別合計,11006,96
16－17歲未滿,男性,11006,82
16－17歲未滿,女性,11006,14
17－18歲未滿,性別合計,11006,141
17－18歲未滿,男性,11006,122
17－18歲未滿,女性,11006,19
18歲以上,性別合計,11006,424
18歲以上,男性,11006,392
18歲以上,女性,11006,32
少年犯年齡合計,性別合計,11007,677
少年犯年齡合計,男性,11007,611
少年犯年齡合計,女性,11007,66
12歲未滿,性別合計,11007,0
12歲未滿,男性,11007,0
12歲未滿,女性,11007,0
12－13歲未滿,性別合計,11007,0
12－13歲未滿,男性,11007,0
12－13歲未滿,女性,11007,0
13－14歲未滿,性別合計,11007,0
13－14歲未滿,男性,11007,0
13－14歲未滿,女性,11007,0
14－15歲未滿,性別合計,11007,7
14－15歲未滿,男性,11007,5
14－15歲未滿,女性,11007,2
15－16歲未滿,性別合計,11007,36
15－16歲未滿,男性,11007,32
15－16歲未滿,女性,11007,4
16－17歲未滿,性別合計,11007,99
16－17歲未滿,男性,11007,85
16－17歲未滿,女性,11007,14
17－18歲未滿,性別合計,11007,139
17－18歲未滿,男性,11007,123
17－18歲未滿,女性,11007,16
18歲以上,性別合計,11007,396
18歲以上,男性,11007,366
18歲以上,女性,11007,30
少年犯年齡合計,性別合計,11008,632
少年犯年齡合計,男性,11008,574
少年犯年齡合計,女性,11008,58
12歲未滿,性別合計,11008,0
12歲未滿,男性,11008,0
12歲未滿,女性,11008,0
12－13歲未滿,性別合計,11008,0
12－13歲未滿,男性,11008,0
12－13歲未滿,女性,11008,0
13－14歲未滿,性別合計,11008,2
13－14歲未滿,男性,11008,1
13－14歲未滿,女性,11008,1
14－15歲未滿,性別合計,11008,6
14－15歲未滿,男性,11008,4
14－15歲未滿,女性,11008,2
15－16歲未滿,性別合計,11008,32
15－16歲未滿,男性,11008,30
15－16歲未滿,女性,11008,2
16－17歲未滿,性別合計,11008,88
16－17歲未滿,男性,11008,71
16－17歲未滿,女性,11008,17
17－18歲未滿,性別合計,11008,127
17－18歲未滿,男性,11008,116
17－18歲未滿,女性,11008,11
18歲以上,性別合計,11008,377
18歲以上,男性,11008,352
18歲以上,女性,11008,25
少年犯年齡合計,性別合計,11009,636
少年犯年齡合計,男性,11009,580
少年犯年齡合計,女性,11009,56
12歲未滿,性別合計,11009,0
12歲未滿,男性,11009,0
12歲未滿,女性,11009,0
12－13歲未滿,性別合計,11009,0
12－13歲未滿,男性,11009,0
12－13歲未滿,女性,11009,0
13－14歲未滿,性別合計,11009,3
13－14歲未滿,男性,11009,2
13－14歲未滿,女性,11009,1
14－15歲未滿,性別合計,11009,6
14－15歲未滿,男性,11009,4
14－15歲未滿,女性,11009,2
15－16歲未滿,性別合計,11009,29
15－16歲未滿,男性,11009,28
15－16歲未滿,女性,11009,1
16－17歲未滿,性別合計,11009,89
16－17歲未滿,男性,11009,77
16－17歲未滿,女性,11009,12
17－18歲未滿,性別合計,11009,137
17－18歲未滿,男性,11009,120
17－18歲未滿,女性,11009,17
18歲以上,性別合計,11009,372
18歲以上,男性,11009,349
18歲以上,女性,11009,23
少年犯年齡合計,性別合計,11010,632
少年犯年齡合計,男性,11010,575
少年犯年齡合計,女性,11010,57
12歲未滿,性別合計,11010,0
12歲未滿,男性,11010,0
12歲未滿,女性,11010,0
12－13歲未滿,性別合計,11010,0
12－13歲未滿,男性,11010,0
12－13歲未滿,女性,11010,0
13－14歲未滿,性別合計,11010,1
13－14歲未滿,男性,11010,0
13－14歲未滿,女性,11010,1
14－15歲未滿,性別合計,11010,8
14－15歲未滿,男性,11010,6
14－15歲未滿,女性,11010,2
15－16歲未滿,性別合計,11010,32
15－16歲未滿,男性,11010,29
15－16歲未滿,女性,11010,3
16－17歲未滿,性別合計,11010,86
16－17歲未滿,男性,11010,74
16－17歲未滿,女性,11010,12
17－18歲未滿,性別合計,11010,144
17－18歲未滿,男性,11010,127
17－18歲未滿,女性,11010,17
18歲以上,性別合計,11010,361
18歲以上,男性,11010,339
18歲以上,女性,11010,22
少年犯年齡合計,性別合計,11011,615
少年犯年齡合計,男性,11011,566
少年犯年齡合計,女性,11011,49
12歲未滿,性別合計,11011,0
12歲未滿,男性,11011,0
12歲未滿,女性,11011,0
12－13歲未滿,性別合計,11011,0
12－13歲未滿,男性,11011,0
12－13歲未滿,女性,11011,0
13－14歲未滿,性別合計,11011,0
13－14歲未滿,男性,11011,0
13－14歲未滿,女性,11011,0
14－15歲未滿,性別合計,11011,7
14－15歲未滿,男性,11011,4
14－15歲未滿,女性,11011,3
15－16歲未滿,性別合計,11011,34
15－16歲未滿,男性,11011,31
15－16歲未滿,女性,11011,3
16－17歲未滿,性別合計,11011,86
16－17歲未滿,男性,11011,77
16－17歲未滿,女性,11011,9
17－18歲未滿,性別合計,11011,139
17－18歲未滿,男性,11011,124
17－18歲未滿,女性,11011,15
18歲以上,性別合計,11011,349
18歲以上,男性,11011,330
18歲以上,女性,11011,19
少年犯年齡合計,性別合計,11012,636
少年犯年齡合計,男性,11012,584
少年犯年齡合計,女性,11012,52
12歲未滿,性別合計,11012,0
12歲未滿,男性,11012,0
12歲未滿,女性,11012,0
12－13歲未滿,性別合計,11012,0
12－13歲未滿,男性,11012,0
12－13歲未滿,女性,11012,0
13－14歲未滿,性別合計,11012,0
13－14歲未滿,男性,11012,0
13－14歲未滿,女性,11012,0
14－15歲未滿,性別合計,11012,5
14－15歲未滿,男性,11012,4
14－15歲未滿,女性,11012,1
15－16歲未滿,性別合計,11012,35
15－16歲未滿,男性,11012,29
15－16歲未滿,女性,11012,6
16－17歲未滿,性別合計,11012,89
16－17歲未滿,男性,11012,77
16－17歲未滿,女性,11012,12
17－18歲未滿,性別合計,11012,132
17－18歲未滿,男性,11012,120
17－18歲未滿,女性,11012,12
18歲以上,性別合計,11012,375
18歲以上,男性,11012,354
18歲以上,女性,11012,21
少年犯年齡合計,性別合計,111,605
少年犯年齡合計,男性,111,569
少年犯年齡合計,女性,111,36
12歲未滿,性別合計,111,0
12歲未滿,男性,111,0
12歲未滿,女性,111,0
12－13歲未滿,性別合計,111,0
12－13歲未滿,男性,111,0
12－13歲未滿,女性,111,0
13－14歲未滿,性別合計,111,1
13－14歲未滿,男性,111,1
13－14歲未滿,女性,111,0
14－15歲未滿,性別合計,111,8
14－15歲未滿,男性,111,6
14－15歲未滿,女性,111,2
15－16歲未滿,性別合計,111,34
15－16歲未滿,男性,111,33
15－16歲未滿,女性,111,1
16－17歲未滿,性別合計,111,79
16－17歲未滿,男性,111,67
16－17歲未滿,女性,111,12
17－18歲未滿,性別合計,111,127
17－18歲未滿,男性,111,120
17－18歲未滿,女性,111,7
18歲以上,性別合計,111,356
18歲以上,男性,111,342
18歲以上,女性,111,14
少年犯年齡合計,性別合計,11101,603
少年犯年齡合計,男性,11101,549
少年犯年齡合計,女性,11101,54
12歲未滿,性別合計,11101,0
12歲未滿,男性,11101,0
12歲未滿,女性,11101,0
12－13歲未滿,性別合計,11101,0
12－13歲未滿,男性,11101,0
12－13歲未滿,女性,11101,0
13－14歲未滿,性別合計,11101,0
13－14歲未滿,男性,11101,0
13－14歲未滿,女性,11101,0
14－15歲未滿,性別合計,11101,8
14－15歲未滿,男性,11101,7
14－15歲未滿,女性,11101,1
15－16歲未滿,性別合計,11101,39
15－16歲未滿,男性,11101,31
15－16歲未滿,女性,11101,8
16－17歲未滿,性別合計,11101,89
16－17歲未滿,男性,11101,79
16－17歲未滿,女性,11101,10
17－18歲未滿,性別合計,11101,128
17－18歲未滿,男性,11101,114
17－18歲未滿,女性,11101,14
18歲以上,性別合計,11101,339
18歲以上,男性,11101,318
18歲以上,女性,11101,21
少年犯年齡合計,性別合計,11102,599
少年犯年齡合計,男性,11102,544
少年犯年齡合計,女性,11102,55
12歲未滿,性別合計,11102,0
12歲未滿,男性,11102,0
12歲未滿,女性,11102,0
12－13歲未滿,性別合計,11102,0
12－13歲未滿,男性,11102,0
12－13歲未滿,女性,11102,0
13－14歲未滿,性別合計,11102,0
13－14歲未滿,男性,11102,0
13－14歲未滿,女性,11102,0
14－15歲未滿,性別合計,11102,8
14－15歲未滿,男性,11102,7
14－15歲未滿,女性,11102,1
15－16歲未滿,性別合計,11102,39
15－16歲未滿,男性,11102,31
15－16歲未滿,女性,11102,8
16－17歲未滿,性別合計,11102,84
16－17歲未滿,男性,11102,74
16－17歲未滿,女性,11102,10
17－18歲未滿,性別合計,11102,127
17－18歲未滿,男性,11102,112
17－18歲未滿,女性,11102,15
18歲以上,性別合計,11102,341
18歲以上,男性,11102,320
18歲以上,女性,11102,21
少年犯年齡合計,性別合計,11103,607
少年犯年齡合計,男性,11103,554
少年犯年齡合計,女性,11103,53
12歲未滿,性別合計,11103,0
12歲未滿,男性,11103,0
12歲未滿,女性,11103,0
12－13歲未滿,性別合計,11103,0
12－13歲未滿,男性,11103,0
12－13歲未滿,女性,11103,0
13－14歲未滿,性別合計,11103,0
13－14歲未滿,男性,11103,0
13－14歲未滿,女性,11103,0
14－15歲未滿,性別合計,11103,6
14－15歲未滿,男性,11103,5
14－15歲未滿,女性,11103,1
15－16歲未滿,性別合計,11103,42
15－16歲未滿,男性,11103,34
15－16歲未滿,女性,11103,8
16－17歲未滿,性別合計,11103,86
16－17歲未滿,男性,11103,78
16－17歲未滿,女性,11103,8
17－18歲未滿,性別合計,11103,120
17－18歲未滿,男性,11103,106
17－18歲未滿,女性,11103,14
18歲以上,性別合計,11103,353
18歲以上,男性,11103,331
18歲以上,女性,11103,22
少年犯年齡合計,性別合計,11104,615
少年犯年齡合計,男性,11104,560
少年犯年齡合計,女性,11104,55
12歲未滿,性別合計,11104,0
12歲未滿,男性,11104,0
12歲未滿,女性,11104,0
12－13歲未滿,性別合計,11104,0
12－13歲未滿,男性,11104,0
12－13歲未滿,女性,11104,0
13－14歲未滿,性別合計,11104,0
13－14歲未滿,男性,11104,0
13－14歲未滿,女性,11104,0
14－15歲未滿,性別合計,11104,7
14－15歲未滿,男性,11104,6
14－15歲未滿,女性,11104,1
15－16歲未滿,性別合計,11104,39
15－16歲未滿,男性,11104,33
15－16歲未滿,女性,11104,6
16－17歲未滿,性別合計,11104,91
16－17歲未滿,男性,11104,79
16－17歲未滿,女性,11104,12
17－18歲未滿,性別合計,11104,125
17－18歲未滿,男性,11104,112
17－18歲未滿,女性,11104,13
18歲以上,性別合計,11104,353
18歲以上,男性,11104,330
18歲以上,女性,11104,23
少年犯年齡合計,性別合計,11105,626
少年犯年齡合計,男性,11105,572
少年犯年齡合計,女性,11105,54
12歲未滿,性別合計,11105,0
12歲未滿,男性,11105,0
12歲未滿,女性,11105,0
12－13歲未滿,性別合計,11105,0
12－13歲未滿,男性,11105,0
12－13歲未滿,女性,11105,0
13－14歲未滿,性別合計,11105,0
13－14歲未滿,男性,11105,0
13－14歲未滿,女性,11105,0
14－15歲未滿,性別合計,11105,7
14－15歲未滿,男性,11105,6
14－15歲未滿,女性,11105,1
15－16歲未滿,性別合計,11105,39
15－16歲未滿,男性,11105,33
15－16歲未滿,女性,11105,6
16－17歲未滿,性別合計,11105,91
16－17歲未滿,男性,11105,80
16－17歲未滿,女性,11105,11
17－18歲未滿,性別合計,11105,129
17－18歲未滿,男性,11105,117
17－18歲未滿,女性,11105,12
18歲以上,性別合計,11105,360
18歲以上,男性,11105,336
18歲以上,女性,11105,24
少年犯年齡合計,性別合計,11106,645
少年犯年齡合計,男性,11106,591
少年犯年齡合計,女性,11106,54
12歲未滿,性別合計,11106,0
12歲未滿,男性,11106,0
12歲未滿,女性,11106,0
12－13歲未滿,性別合計,11106,0
12－13歲未滿,男性,11106,0
12－13歲未滿,女性,11106,0
13－14歲未滿,性別合計,11106,0
13－14歲未滿,男性,11106,0
13－14歲未滿,女性,11106,0
14－15歲未滿,性別合計,11106,6
14－15歲未滿,男性,11106,5
14－15歲未滿,女性,11106,1
15－16歲未滿,性別合計,11106,41
15－16歲未滿,男性,11106,36
15－16歲未滿,女性,11106,5
16－17歲未滿,性別合計,11106,79
16－17歲未滿,男性,11106,68
16－17歲未滿,女性,11106,11
17－18歲未滿,性別合計,11106,141
17－18歲未滿,男性,11106,129
17－18歲未滿,女性,11106,12
18歲以上,性別合計,11106,378
18歲以上,男性,11106,353
18歲以上,女性,11106,25
少年犯年齡合計,性別合計,11107,608
少年犯年齡合計,男性,11107,560
少年犯年齡合計,女性,11107,48
12歲未滿,性別合計,11107,0
12歲未滿,男性,11107,0
12歲未滿,女性,11107,0
12－13歲未滿,性別合計,11107,0
12－13歲未滿,男性,11107,0
12－13歲未滿,女性,11107,0
13－14歲未滿,性別合計,11107,0
13－14歲未滿,男性,11107,0
13－14歲未滿,女性,11107,0
14－15歲未滿,性別合計,11107,6
14－15歲未滿,男性,11107,5
14－15歲未滿,女性,11107,1
15－16歲未滿,性別合計,11107,37
15－16歲未滿,男性,11107,33
15－16歲未滿,女性,11107,4
16－17歲未滿,性別合計,11107,77
16－17歲未滿,男性,11107,68
16－17歲未滿,女性,11107,9
17－18歲未滿,性別合計,11107,132
17－18歲未滿,男性,11107,121
17－18歲未滿,女性,11107,11
18歲以上,性別合計,11107,356
18歲以上,男性,11107,333
18歲以上,女性,11107,23
少年犯年齡合計,性別合計,11108,590
少年犯年齡合計,男性,11108,548
少年犯年齡合計,女性,11108,42
12歲未滿,性別合計,11108,0
12歲未滿,男性,11108,0
12歲未滿,女性,11108,0
12－13歲未滿,性別合計,11108,0
12－13歲未滿,男性,11108,0
12－13歲未滿,女性,11108,0
13－14歲未滿,性別合計,11108,0
13－14歲未滿,男性,11108,0
13－14歲未滿,女性,11108,0
14－15歲未滿,性別合計,11108,8
14－15歲未滿,男性,11108,7
14－15歲未滿,女性,11108,1
15－16歲未滿,性別合計,11108,37
15－16歲未滿,男性,11108,32
15－16歲未滿,女性,11108,5
16－17歲未滿,性別合計,11108,80
16－17歲未滿,男性,11108,71
16－17歲未滿,女性,11108,9
17－18歲未滿,性別合計,11108,129
17－18歲未滿,男性,11108,118
17－18歲未滿,女性,11108,11
18歲以上,性別合計,11108,336
18歲以上,男性,11108,320
18歲以上,女性,11108,16
少年犯年齡合計,性別合計,11109,585
少年犯年齡合計,男性,11109,547
少年犯年齡合計,女性,11109,38
12歲未滿,性別合計,11109,0
12歲未滿,男性,11109,0
12歲未滿,女性,11109,0
12－13歲未滿,性別合計,11109,0
12－13歲未滿,男性,11109,0
12－13歲未滿,女性,11109,0
13－14歲未滿,性別合計,11109,1
13－14歲未滿,男性,11109,1
13－14歲未滿,女性,11109,0
14－15歲未滿,性別合計,11109,10
14－15歲未滿,男性,11109,9
14－15歲未滿,女性,11109,1
15－16歲未滿,性別合計,11109,36
15－16歲未滿,男性,11109,32
15－16歲未滿,女性,11109,4
16－17歲未滿,性別合計,11109,78
16－17歲未滿,男性,11109,69
16－17歲未滿,女性,11109,9
17－18歲未滿,性別合計,11109,118
17－18歲未滿,男性,11109,110
17－18歲未滿,女性,11109,8
18歲以上,性別合計,11109,342
18歲以上,男性,11109,326
18歲以上,女性,11109,16
少年犯年齡合計,性別合計,11110,582
少年犯年齡合計,男性,11110,542
少年犯年齡合計,女性,11110,40
12歲未滿,性別合計,11110,0
12歲未滿,男性,11110,0
12歲未滿,女性,11110,0
12－13歲未滿,性別合計,11110,0
12－13歲未滿,男性,11110,0
12－13歲未滿,女性,11110,0
13－14歲未滿,性別合計,11110,1
13－14歲未滿,男性,11110,1
13－14歲未滿,女性,11110,0
14－15歲未滿,性別合計,11110,10
14－15歲未滿,男性,11110,7
14－15歲未滿,女性,11110,3
15－16歲未滿,性別合計,11110,33
15－16歲未滿,男性,11110,30
15－16歲未滿,女性,11110,3
16－17歲未滿,性別合計,11110,80
16－17歲未滿,男性,11110,70
16－17歲未滿,女性,11110,10
17－18歲未滿,性別合計,11110,114
17－18歲未滿,男性,11110,106
17－18歲未滿,女性,11110,8
18歲以上,性別合計,11110,344
18歲以上,男性,11110,328
18歲以上,女性,11110,16
少年犯年齡合計,性別合計,11111,593
少年犯年齡合計,男性,11111,554
少年犯年齡合計,女性,11111,39
12歲未滿,性別合計,11111,0
12歲未滿,男性,11111,0
12歲未滿,女性,11111,0
12－13歲未滿,性別合計,11111,0
12－13歲未滿,男性,11111,0
12－13歲未滿,女性,11111,0
13－14歲未滿,性別合計,11111,1
13－14歲未滿,男性,11111,1
13－14歲未滿,女性,11111,0
14－15歲未滿,性別合計,11111,9
14－15歲未滿,男性,11111,7
14－15歲未滿,女性,11111,2
15－16歲未滿,性別合計,11111,32
15－16歲未滿,男性,11111,28
15－16歲未滿,女性,11111,4
16－17歲未滿,性別合計,11111,79
16－17歲未滿,男性,11111,70
16－17歲未滿,女性,11111,9
17－18歲未滿,性別合計,11111,121
17－18歲未滿,男性,11111,113
17－18歲未滿,女性,11111,8
18歲以上,性別合計,11111,351
18歲以上,男性,11111,335
18歲以上,女性,11111,16
少年犯年齡合計,性別合計,11112,605
少年犯年齡合計,男性,11112,569
少年犯年齡合計,女性,11112,36
12歲未滿,性別合計,11112,0
12歲未滿,男性,11112,0
12歲未滿,女性,11112,0
12－13歲未滿,性別合計,11112,0
12－13歲未滿,男性,11112,0
12－13歲未滿,女性,11112,0
13－14歲未滿,性別合計,11112,1
13－14歲未滿,男性,11112,1
13－14歲未滿,女性,11112,0
14－15歲未滿,性別合計,11112,8
14－15歲未滿,男性,11112,6
14－15歲未滿,女性,11112,2
15－16歲未滿,性別合計,11112,34
15－16歲未滿,男性,11112,33
15－16歲未滿,女性,11112,1
16－17歲未滿,性別合計,11112,79
16－17歲未滿,男性,11112,67
16－17歲未滿,女性,11112,12
17－18歲未滿,性別合計,11112,127
17－18歲未滿,男性,11112,120
17－18歲未滿,女性,11112,7
18歲以上,性別合計,11112,356
18歲以上,男性,11112,342
18歲以上,女性,11112,14
少年犯年齡合計,性別合計,11201,588
少年犯年齡合計,男性,11201,553
少年犯年齡合計,女性,11201,35
12歲未滿,性別合計,11201,0
12歲未滿,男性,11201,0
12歲未滿,女性,11201,0
12－13歲未滿,性別合計,11201,0
12－13歲未滿,男性,11201,0
12－13歲未滿,女性,11201,0
13－14歲未滿,性別合計,11201,1
13－14歲未滿,男性,11201,1
13－14歲未滿,女性,11201,0
14－15歲未滿,性別合計,11201,6
14－15歲未滿,男性,11201,5
14－15歲未滿,女性,11201,1
15－16歲未滿,性別合計,11201,32
15－16歲未滿,男性,11201,31
15－16歲未滿,女性,11201,1
16－17歲未滿,性別合計,11201,79
16－17歲未滿,男性,11201,68
16－17歲未滿,女性,11201,11
17－18歲未滿,性別合計,11201,125
17－18歲未滿,男性,11201,119
17－18歲未滿,女性,11201,6
18歲以上,性別合計,11201,345
18歲以上,男性,11201,329
18歲以上,女性,11201,16
